title,article,url,company,category,reporter,space_index,datetime,year,month,day,hour,minute
柯P也聲援郭彥均 轟「蘇大院長」:只能歌功頌德、高呼萬歲,"藝人郭彥均與醫護友人對話截圖「很多孩子走了」引起各界討論,雖然事後刪文道歉,但行政院長蘇貞昌今(28日)放話會咎責查辦。台北市長柯文哲稍早在臉書發文,痛批政府將人民發問和質疑都打成造假,「這是國家機器對人民的壓迫」。柯文哲表示,「如果不是害怕,這幾天怎麼會有這麼多家長,冒著雨幫孩子排隊搶打兒童BNT疫苗?如果不是恐懼,新聞怎麼會連續幾週討論臺灣的兒童重症與死亡率?」。柯文哲說,他看不出郭彥均貼文有任何煽動、造假,只是在呼籲民眾保持社交距離、避免疫情擴散,不要給醫護製造壓力,然卻被出征到刪文,「蘇大院長還親自下令要調查,把社維法、傳染病防治法變成政府箝制人民的工具」。柯文哲怒指,不能質疑,不能發問,只能歌功頌德,只能高呼萬歲,「一個郭彥均,還有千千萬萬個郭彥均,事實不會因爲沒有聲音而消失,今天你不說話,明天你說不了話」。北市副市長蔡炳坤也在留言回應,說孩子一個都不能少,台灣民眾黨粉專及議員候選人隨後也紛紛表示贊同,質疑執政黨官威很大。蘇貞昌今日受訪稱會加以咎責查辦,引發爭議。行政院發言人羅秉成強調「並非針對單一藝人的發文」,是針對近日社群網路上不實疫情訊息有相同貼文文字內容,發文時間又相近的現象。",https://www.chinatimes.com/realtimenews/20220528003792-260407,中時,政治,蔡宗倫,"[108, 185, 286, 364, 422]",,,,,,
徐巧芯違停衝上Google搜尋第一名 吳子嘉竟喊「完蛋了」,"台北市議員徐巧芯日前遭爆料在台北市紅線違停「不給開單」,警方27日公布密錄器影片,揭露警員與徐巧芯的對話內容。影片曝光後,徐巧芯在Google搜尋變成第一名,資深媒體人吳子嘉忍不住喊「完蛋了」。吳子嘉今(28日)在《董事長開講》網路節目中認為,一個簡單的車輛違停事件,可以讓徐巧芯在Google搜尋成為第一名,這件事情一聽,他就知道「完蛋了」,也給國民黨、民眾黨一個警告,900元罰單的違停事件被無限上綱,推到變成Google搜尋第一名,國民黨卻在睡覺,民眾黨則在看好戲。吳子嘉質疑,政治鬥爭徐巧芯的原因,是因她這個月爆料民進黨太兇了;他甚至認為這也給了大家一個啟示,今年選舉,國民黨、民眾黨掛了,因一個徐巧芯違停事件,也可以搞到Google搜尋第一名,民進黨可能藉由鬥爭徐巧芯,來警告國民黨。有網友則提問來賓徐巧芯:「下次看到警察,別再說自己的名字了,如果遇到內心有不同盤算的警察,很容易會被加油添醋做文章,對吧?」徐巧芯回應,這沒有問題,她當下也沒想那麼多,他們當民代的看到旁邊的工人,會打一下招呼,說他們是誰,沒有特別的意思。吳子嘉忍不住說:「以後不講妳的名字了?那講什麼?」吳接著說:「當然要講妳的名字,老娘就叫徐巧芯,怎樣?」",https://www.chinatimes.com/realtimenews/20220528003752-260407,中時,政治,黃麗蓉,"[97, 236, 347, 420]",,,,,,
協助民眾報稅 立委費鴻泰解隔 服務不間斷,"疫情肆虐,立委費鴻泰先前也確診,不過,自PCR確診後,費鴻泰透露,接受到很多好朋友關心,實在很窩心。現在正是五月報稅期,雖然自己確診,但費鴻泰每年的報稅服務不間斷,今晚剛完成今天的第四場報稅服務,未來假日每天都有四場到社區報稅服務。費鴻泰表示,確診後為了不讓其他民眾有被感染的危險,遵守政府防疫規定7+7天的自主居家隔離照護,保護自己跟他人。由於近期疫情嚴峻,在本周期間,松山霞海城隍廟連續三天發放快篩試劑給需要民眾。今天一早費鴻泰在現場,跟國民黨正式提名的市長候選人蔣萬安委員、選區內的其他議員們一起協助發放。這也是費鴻泰正式解封後,參加公開的第一場活動。費鴻泰說,這三天要發放1.2萬劑,霞海城隍廟主委沈錫祺邀請民意代表來共同來發放,也希望政府、民意代表一起關心民眾健康,並且加強防疫讓民眾生活安心。縱使今年疫情嚴重,費鴻泰今年仍持續協助民眾報稅,克服萬難在信義、南松山區進行。費鴻泰請服務的同仁們快篩陰性、量額溫、酒精消毒、民眾與工作人員隔板,要把防疫措施做好。費鴻泰希望可以在最安全的情況幫大家服務,讓民眾不用跑國稅局也可以直接報稅。參與報稅服務活動的民眾們,對費委員都表示很感謝,並且說:「費鴻泰是服務到家的好委員。」",https://www.chinatimes.com/realtimenews/20220528003699-260407,中時,政治,蔡偉祺,"[50, 116, 171, 279, 352, 471]",,,,,,
說實話不用道歉!「學姐」黃瀞瑩力挺郭彥均:到底錯在哪?,"台灣疫情升溫,兒童健康面臨嚴重威脅。近期藝人郭彥均貼出與醫護朋友的對話截圖,一句「很多孩子走了」被圍剿到刪文道歉。對此,台北市士林北投區議員參選人「學姊」黃瀞瑩周五(27日)在臉書聲援郭彥均「講實話的人,不需要道歉」。「點出事實,到底錯在哪?」黃瀞瑩呼籲大家站在父母的角度,以同理心設想,每日確診達到數萬,孩童染疫不幸逝世的新聞頻頻發生,家長自然會擔心,身為人父的郭彥均當然也有同樣的顧慮。黃瀞瑩續指,一句「這麼多孩子就這樣走」,許多人父、人母或擁有同情心的民眾,都能理解背後擔憂的心情,希望大家都能設身處地、站在家長的立場思考。黃瀞瑩表示,政治要以人為本,如今卻是為了粉飾太平、假裝看不見疫情,「而在網路上製造寒蟬效應,攻擊說實話的人,難道這是真的在解決問題嗎?」。郭彥均事後刪文道歉,強調主要是呼籲大家善待醫護人員,不要對第一線醫護帶有情緒或口出惡言。不過行政院長蘇貞昌今(28日)放話將究責查辦,稱這種不實內容相近類似,都有相關團體明顯操作痕跡,呼籲民眾不要相信假訊息。",https://www.chinatimes.com/realtimenews/20220528003621-260407,中時,政治,蔡宗倫,"[109, 195, 265, 334]",,,,,,
藍營明接力自首「散布假消息」抗議蘇揆恐嚇 願提供郭彥均法律協助,"本土染疫幼童死亡數持續增加,藝人郭彥均在臉書感嘆染疫孩童,卻遭行政院長蘇貞昌斥責不實謠言,揚言法辦,引發反彈。國民黨立法院黨團與黨內青年明天將接力至警政署刑事局自首「散布假消息」,抗議蘇貞昌恐嚇人民,囂張霸道。具律師身分的國民黨智庫召集人簡榮宗更表示,他身為一個還沒有打疫苗小朋友的父親,可以理解家長對這波疫情的憂心,如果郭彥均因發文真的被移送,他願意義務提供法律上協助。國民黨發言人黃子哲也批評,蘇貞昌過去自己就是製造假消息的老手,如「信功挺萊豬」、「反萊豬等於反美豬」、「中油三接棧橋蓋在礁石上」等,甚至連神明都敢給假消息說不再選新北市長,現在是要做賊喊抓賊?那就先把自己送辦服眾。黃子哲說,郭彥均分享醫護朋友心聲,文章旨在幫所有醫護人員打氣加油,既沒有指明哪家特定醫院,也沒有不實數字,但塔綠班的瘋子們只顧民進黨政府的面子,全然沒在意身陷疫情危殆的孩子。黃子哲質疑,連中央流行疫情指揮中心指揮官陳時中都曾說,沒想到兒童腦炎案例那麼多,現在郭彥均類似發言卻遭揚言查辦,是只准州官放火,不許百姓點燈?那陳過去所謂疫情「控制得宜」的鬼話,要不要也查一查?國民黨立委洪孟楷也批評,蘇貞昌要將郭彥均「咎責查辦」,透露出好大官威與官僚無情,民進黨政府當初所講防疫新生活,原來是這樣跟人民溝通的?要求蔡總統、蘇貞昌對當前失控疫情,公開向人民道歉,別不尊重任何一條失去的生命。新北市議員葉元之表示,郭彥均說很多孩子走了蘇貞昌要查辦,但對當前疫情失控、疫苗與快篩不足視而不見,根本心中沒有人民。",https://www.chinatimes.com/realtimenews/20220528003627-260407,中時,政治,周志豪,"[105, 186, 293, 380, 477, 583]",,,,,,
郭彥均「戳破國王新衣」恐遭查辦 趙少康:蘇貞昌濫殺無辜,"藝人郭彥均日前在臉書分享跟醫護朋友的對話,其中一句「看到這(麼)多孩子就這樣走(了)」引發議論,行政院長蘇貞昌今表示,這種不實謠言,內容相近、類似,都有相近的團體,有很明顯的操作痕跡,不法、非常不宜,將究責查辦。資深媒體人趙少康質疑,蘇貞昌指責的團體不就是塔綠班嗎?趙少康今(28日)在臉書表示,蘇貞昌滿腦子都是罰,這個也要罰、那個也要罰,原本全台灣幼童的父母對打不打疫苗面臨兩難,給孩子打疫苗的意願並不強烈、登記打疫苗的人數並不太多,但最近因孩童染疫人數迅速增加、重症及轉成腦炎致死的越來越多,父母帶著孩子冒著風雨搶打疫苗,這樣的畫面實在讓人不忍心看,「天下父母心」,蘇貞昌難道不能從人的角度去體會?趙少康認為,蘇貞昌如果要震怒、要處分,就應該先處分延遲孩童疫苗進口、把治療新冠肺炎藥品緊緊抓在手中延誤分發的指揮中心。如今堂堂大行政院長,卻要處分戳破國王新衣的郭彥均,是惱羞成怒、濫殺無辜。趙少康指出,蘇貞昌談到相關網路貼文時稱,這種不實謠言,內容相近類似,都有相近團體明顯操作痕跡,非常不法、不宜,引起社會恐慌大可不必,會究責查辦。他不禁質疑,蘇貞昌指責的團體不就是塔綠班嗎?怎麼變成要調查處分郭彥均?而行政院看到蘇貞昌激起眾怒,替蘇貞昌緩頰說他不是指單一事件,但蘇貞昌針對的就是郭彥均一個人,怎麼又變成非單一事件?難道還要多羅織幾個人才能轉移焦點?",https://www.chinatimes.com/realtimenews/20220528003620-260407,中時,政治,黃麗蓉,"[133, 301, 396]",,,,,,
俄烏之戰局勢逆轉 前空軍中將預測:「這國」佔優勢,"俄烏戰爭已滿3個月,馬立波亞速鋼鐵廠包圍戰從烏軍撤出、俄軍取得控制權後結束。前空軍副司令、退役中將張延廷表示,如今烏克蘭的戰況逆轉,馬立波戰事結束後,整個兵力轉移,俄羅斯會慢慢佔優勢。張延廷今(28日)在政論節目《新聞大白話》中表示,烏克蘭目前戰況不利,比如急需重武器發揮火力、急尋求協助等,如今戰況對烏克蘭而言有點逆轉,因為亞速鋼鐵廠戰事結束後,整個兵力轉移,在俄、烏雙方重磅發揮火力下,俄羅斯反而慢慢佔優勢。張延廷接著指出,烏克蘭部隊的文宣、出來講話的人都有點年紀,也就是年輕人有戰損,所以都是年紀大的人在前線作戰,作戰的體力、精神、負荷狀況都比年輕人要差,發揮的戰力會受影響,因此烏克蘭會慢慢處於不利的狀況。張延廷點出,現在俄烏已經打到第4個月,雙方都沒有宣戰,俄羅斯考量若是宣戰,打敗了怎麼辦?因此到現在俄羅斯都沒有宣戰;烏克蘭也沒有宣戰,因為若打到一兵一卒,打到最後亡國了,怎麼辦?他認為,該場戰爭最後的關鍵就是北約,北約給烏克蘭多少武器就會打多久。但是火力還是要靠人力來發揮,烏克蘭的兵源在耗損,戰耗會越來越嚴重,西方國家也沒有辦法進去。",https://www.chinatimes.com/realtimenews/20220528003445-260407,中時,政治,黃麗蓉,"[92, 206, 307, 396]",,,,,,
郭彥均事件 新北藍營質疑蘇貞昌陳時中這一點,"對於藝人郭彥均「看到這(麼)多孩子就這樣走(了)」爭議事件,國民黨新北市議員葉元之砲轟蘇貞昌丟臉;擬參選新北市議員的呂家愷認為,如果這些逝去的生命在蘇貞昌眼中只是一串數字的話,就查辦吧!藝人郭彥均日前在臉書分享與醫護朋友的對話,內容提到「看到這(麼)多孩子就這樣走(了)」,引發爭議。行政院長蘇貞昌今(28日)表示,「我們會加以咎責查辦」。陳時中今在記者會上強調,會進一步釐清是否有人散播不實的訊息,查明後將依法最高可罰300萬元,或3年以下有期徒刑或拘役。國民黨新北市議員葉元之質疑,蘇貞昌說要查辦郭彥均,引起負評炸鍋,蘇貞昌眼看苗頭不對,竟叫發言人發聲明,謊稱早上的受訪內容,是針對近日社群網路上不實疫情,並非針對郭彥均的發文。葉元之砲轟「丟臉!蘇貞昌失言,卻叫羅秉成出來說謊!」還批評,有這樣的行政院長,真是台灣的不幸!新北市政府前副發言人、擬參選新北市議員的呂家愷認為,「很多孩子走了這難道是假消息嗎?」如果這些逝去的生命在蘇貞昌眼中只是一串數字的話,就查辦吧,郭彥均日前只是在臉書呼籲大家善待醫護人員!呂家愷還說,4月28日,陳時中部長白天才在疫情記者會上提醒民眾不要散布不實謠言,晚上卓冠廷立刻大張旗鼓的上節目說台中盧市長確診,不知道他哪來那麼多朋友給小道消息,但事後證實是假消息,至今也不曉得有沒有遭受責罰。",https://www.chinatimes.com/realtimenews/20220528003470-260407,中時,政治,丁世傑,"[93, 229, 363, 396, 456]",,,,,,
分享「很多孩子走了」恐遭查辦 高嘉瑜說話了網暴動,"藝人郭彥均日前在臉書分享跟醫護朋友的對話,提及「看到這(麼)多孩子就這樣走(了)」引發議論,行政院長蘇貞昌今表示,這種不實謠言,內容相近、類似,都有相近的團體,有很明顯的操作痕跡,不法、非常不宜,將究責查辦。民進黨立委高嘉瑜在臉書表示,有組織的操作是否刻意製造恐慌值得追查,但網友個人的心得、感想或是分享朋友的看法,應該是在言論自由保護的範疇,引爆網友熱議。高嘉瑜今(28日)在臉書貼文表示,政府要處理的應該是有組織、有計畫的惡意散布假訊息干擾、影響防疫或造成社會恐慌不安的惡意假訊息,比如台灣資訊環境研究中心發現,19個粉專貼文的發布時間集中在下午3時31分,不到10秒內就有完全相同的貼文內容,貼文首則留言也是內容農場的文章連結;25日到26日至少有25個臉書粉絲專頁出現「很多孩子走了!」貼文,貼文內容完全相同。高嘉瑜認為,這幕後有組織的操作是否刻意製造恐慌值得追查?但個人的心得、感想或是分享朋友的看法,應該是在言論自由保護的範疇。網友紛紛說,「順便去查查民進黨那幾十個粉專外加N個KOL再加名嘴跟政客有多一致吧」、「這個有不實嗎?兩個以上叫複數不是嗎?」、「我們不需要一個新的威權時代!謝謝委員」、「人民都怒了~」、「『很多』是比較級。對父母來說,一個小孩就是全部,那還不多嗎?!」「網軍的操作貴黨不也玩得有聲有色,龜笑鱉無尾」、「我也說很多孩子走了,刑事局可以也來約談我嗎?」也有網友認為,「台灣已經不能說話了」、「幾個才算多?」、「笑死,綠粉絲團一條龍從來不查」、「真的很多孩子走了,不然要幾個算多,英文兩個就是複數了」。",https://www.chinatimes.com/realtimenews/20220528003371-260407,中時,政治,黃麗蓉,"[179, 359, 420, 580, 594]",,,,,,
10童染疫死亡還不夠多?江啟臣:孩子一個都不能少,"「孩子一個都不能少!」藝人郭彥均日前在臉書分享醫護朋友敘述「看到這麼多孩子,就這樣走了」,引起熱議!立委江啟臣今天在臉書PO文說「現在,在臺灣社會裡有一群網軍側翼,敲著鍵盤『狂問』:有很多孩子死亡嗎?」「對父母而言,每『一個孩子』,都是他們的『全部』。」日前藝人郭彥均在臉書貼出與醫護友人對話,引發網友熱議!還遭外界質疑真實性;郭彥均昨刪除該文章並道歉,直言只是「想呼籲大家愛護醫護」,強調並非是指「單位知情不報,隱匿疫情」,造成許多人誤會,表示「真的很抱歉」。行政院長蘇貞昌今天受訪時說,這種不實謠言內容相近類似,由相近團體明顯的操作痕跡,非常不宜,同時對辛苦防疫工作非常不尊重,並引起社會恐慌,大可不必,政府會將加以究責、查辦。立委江啟臣今天在臉書PO文說,「今天已累計10名兒童確診不治!試想,一個家庭不論有幾個孩子,只要一人不幸染疫離世,會有人告訴他們:反正,你只少了一個孩子嗎?」江啟臣貼文指出,「現在,在臺灣社會裡有一群網軍側翼,敲著鍵盤『狂問』:有很多孩子死亡嗎?」「對父母而言,每『一個孩子』,都是他們的『全部』。」或許答案不該由人民回答,而是政府。孩子一個都不能少,這不只是父母的責任,政府更是責無旁貸!",https://www.chinatimes.com/realtimenews/20220528003282-260407,中時,政治,陳世宗,"[127, 231, 316, 395, 483]",,,,,,
賴士葆力挺郭彥均講真話 孩童走了不可以講嗎?,"藝人郭彥均日前在臉書分享與醫護朋友的對話,內容提到「看到這(麼)多孩子就這樣走(了)」,恐被法辦一事,國民黨立委賴士葆質疑,孩童走了都是家長心裡的痛,不可以講嗎?難道沒有讚美政府的言論就是假訊息?就要法辦嗎?拜託槍口對準病毒,不要對準人民好嗎?藝人郭彥均日前在臉書分享與醫護朋友的對話,內容提到「看到這(麼)多孩子就這樣走(了)」,引發爭議。行政院長蘇貞昌今(28日)表示,「我們會加以咎責查辦」。陳時中今在記者會上強調,會進一步釐清是否有人散播不實的訊息,查明後將依法最高可罰300萬元,或3年以下有期徒刑或拘役。國民黨立委賴士葆今(28)日在臉書直言,孩童走了都是家長心裡的痛,不可以講嗎?疫情失控還不許人民講真話,難道沒有讚美政府的言論就是假訊息?就要法辦嗎?蔡政府是無良的政府!也力挺郭彥均講真話!賴士葆認為,孩童發病轉重症到死亡的時間短暫,讓家長擔憂恐懼,這些是不爭的事實。這時候全力打擊消滅病毒應是政府的職責和目標,卻以打假新聞為首要之務,這樣可以降低台灣的確診率和死亡人數嗎?賴士葆強調,蘇貞昌這時候還要扮演酷吏的角色真的時地不宜,太不識大體了。小學生的疫苗才開打,疫情正在延燒,全台灣的家長都憂心如焚,政府這時候需要再添亂嗎?拜託槍口對準病毒,不要對準人民好嗎?",https://www.chinatimes.com/realtimenews/20220528003281-260407,中時,政治,丁世傑,"[122, 258, 353, 445]",,,,,,
蔣萬安若請益北市治理經驗 陳水扁:不會拒絕,"國民黨台北市長參選人蔣萬安已啟動歷任台北市長請益之旅,外界關注是否也會拜會民進黨前台北市長、前總統陳水扁。蔣辦回應,相關拜會行程尚在安排中。陳水扁受訪表示,「卸任市長的經驗之談是公共財,蔣萬安有意拜訪,我不會拒絕」。陳水扁今接受本報記者詢問時謙虛指出,台北市長升格為直轄市後,1994以來共選出4位分屬4個不同政黨的市長。「只有我做4年,其他3位都是連任,市長經驗相對不足,能建議的也有限」。他說,2年前台北市設市100週年,他也有回娘家,和其他6位前後任市長包括馬市長同台。",https://www.chinatimes.com/realtimenews/20220528003217-260407,中時,政治,曾薏蘋,"[92, 108, 196]",,,,,,
郭彥均講這句恐被法辦 郭正亮痛罵「你陳時中講錯多少話?」,"藝人郭彥均日前在臉書分享與醫護朋友的對話,內容提到「看到這(麼)多孩子就這樣走(了)」,蘇貞昌今(28)日表示,「我們會加以咎責查辦」。前民進黨立委郭正亮痛罵是在抓語病,郭彥均只是表達不精準而已,「你陳時中講錯多少話?」「要搞到政府公信力破產嗎?」「李秉穎說BNT是過期的,把李秉穎抓去關啊!」藝人郭彥均日前在臉書分享與醫護朋友的對話,內容提到「看到這(麼)多孩子就這樣走(了)」,引發爭議。行政院長蘇貞昌今(28日)表示,「我們會加以咎責查辦」。陳時中今在記者會上強調,會進一步釐清是否有人散播不實的訊息,查明後將依法最高可罰300萬元,或3年以下有期徒刑或拘役。對此,前民進黨立委郭正亮今(28)日在《新聞大白話》舉例,雲林虎尾半夜一點在排兒童BNT。郭彥均只是講很多小孩都走了,就在抓語病,要這樣精確要求嗎?要不要精確要求李秉穎講話?李秉穎說BNT是過期的,「把李秉穎抓去關啊!李秉穎罰300萬啊!蘇貞昌怎不敢抓李秉穎?李秉穎說BNT是過期的,公然造謠說謊」,「郭彥均只是表達不精準而已,就要究責?」郭正亮指出,陳時中說要罰300萬,下面留言立刻超過2000筆,「2000都抓啊!」郭引用一句名言,「一個人違法政府法令,叫犯法;100個人叫政治;1萬人叫革命!」「蘇貞昌怎笨到這樣!」陳時中沒有選舉過,沒有搞過政治,他講話也就算了。蘇貞昌還跟著講,因為一句話去對抗民怨,那句話也代表某種憂慮,否則雲林半夜排兒童BNT,他們是傻子、瘋子?郭正亮認為,這件事讓人非常火大,因為什麼東西都沒有準備好,兒童疫苗去年12月就有人在講了,別國家都打了,亞洲都進口了,指揮中心第一時間竟然說兒童不需要打!「是你自己判斷錯誤,現在還在那裏GGYY什麼?」沒有一樣超前準備好的,快篩如果不是每天痛罵,會去處理嗎?至於郭彥均講的話,郭正亮直言,「我們語言表達不是數學,怎麼可能講得這麼精準?他就在表達一種氛圍、一種憂慮,如果沒有憂慮,怎會有人半夜去排疫苗?表示這種心情很多人都有!」「現在錙銖必較講詞不夠精確,在講什麼啊?在計較什麼啊?怎不去計較李秉穎講錯話?」郭正亮強調,「還有你陳時中,陳時中講錯多少話?」現在大家都在說,「不然你來抓我啊!」「你要抓1萬個嗎?要搞到政府公信力破產嗎?」這時候要處理的就是我們會盡量讓大家盡快打到兒童BNT,政府回應應該是這樣!",https://www.chinatimes.com/realtimenews/20220528003193-260407,中時,政治,丁世傑,"[147, 283, 453, 621, 750, 874]",,,,,,
接班話題曝光 林智堅首度合體沈慧虹稱非刻意,"新竹市副市長沈慧虹傳出可能接棒市長林智堅,話題延燒,28日兩人率市府一級主管前往台北市參加紀錄片首映會,對於兩人在接棒新聞曝光後首次合體,引人聯想。林智堅澄清只是恰巧非刻意安排,兩人也沒有討論過選舉,目前仍以防疫與市政優先,不過沈慧虹擔任副市長6年來,專業、溝通與個人特質都是很好的人才,疫情後他會說服市民支持一個好的人選。沈慧虹接棒新聞曝光後,28日林智堅首度在公開場合與副市長合體,引發眾人好奇是否刻意安排?林智堅解釋,活動安排已經有一段時間,只是恰巧,紀錄片講的是新竹這個城市改造運動,全體市府包括沈慧虹、秘書長陳章賢及市府一級主管都有來,只是剛好不是特別安排。對於新竹市長接班人選,相較沈慧虹和行政院顧問鄭宏輝,誰比較適合?林智堅表示他多次說過沒有所謂接班人的問題,是幸福政績要一棒接一棒,相信在新竹還有許多很優秀的人才,對他來說,要找到一個人民期待且得到人民支持的人選,才是關鍵。至於由沈慧虹接棒是否為最合適人選?林智堅表示,由於竹科交通問題棘手,沈慧虹長期在交通專業領域,也曾在台北市政府、公路總局服務,到新竹市府先擔任交通處長再轉任副市長已有6年,一起改造成市、為新竹市努力,林智堅大讚沈慧虹具備交通專業還有溝通能力、溫柔堅定的特質,確實是一個很好的人才,不過這段時間都在忙於市政和防疫,沒有針對選舉事情談過外接都關心林智堅卸下新竹市長後的下一步,林智堅僅表示先把防疫做好,不管是選舉或是個人下一步,都在之後才討論,他也不擔心名單見光死等問題,因民眾在意防疫、及早脫口罩恢復正常生活。至於是否有信心說服沈慧虹參選?林智堅說認為關鍵在疫情過後若進入選舉階段,他希望說服市民來支持一個好的人選。",https://www.chinatimes.com/realtimenews/20220528003130-260407,中時,政治,邱立雅,"[162, 284, 395, 561]",,,,,,
支持高虹安選新竹市長嗎?「帶槍投靠」3連霸大咖吐真言,"國民黨徵召行政院前院長張善政參選桃園市長,引發藍營紛爭。於今年2月退出國民黨的台灣民眾黨新竹市議員李國璋認為,從「桃園之亂」可見國民黨思維仍舊,他認為在民眾黨比國民黨「更容易呼吸」,民眾黨溝通的速度與誠意都多很多。他尤其肯定民眾黨立委高虹安的表現,直言若高未來參選新竹市長,他一定全力輔選力挺高進新竹市政府。李國璋擔任過3屆新竹市議員,地方資歷深厚,2月退出國民黨後於4月宣布加入民眾黨,形同「帶槍投靠」。李今日(28)接受香港媒體《中評社》訪問表示,他認為在民眾黨團體中比較容易呼吸,「有話就說」的風氣,讓大家溝通的速度與誠意都多很多。針對今年底新竹市長選情,李國璋坦言,他自己2018年就曾爭取代表國民黨參選新竹市長,但既然「自己不是母雞就不應該發出母雞的聲音」,他也非常肯定高虹安的表現,故絕無規劃選新竹市長的問題。李國璋進一步強調,論選新竹市長的意願他一定有,但絕不會是今年爭取,所以未來若高虹安正式宣布參選,他一定會全力輔選,盡全部心力輔佐高進入新竹市政府。",https://www.chinatimes.com/realtimenews/20220528002847-260407,中時,政治,王子瑄,"[154, 269, 361]",,,,,,
蘇貞昌下令查辦郭彥均?政院:針對網路不實訊息非單一藝人,"藝人郭彥均日前在臉書分享醫護朋友描述「看到這麼多孩子,就這樣走」,引起議論。行政院長蘇貞昌今天表示,這種不實謠言,內容相近、類似,都有相近的團體,有很明顯的操作痕跡,不法、非常不宜,將加以究責查辦。行政院發言人羅秉成今天下午表示,針對近日社群網路上不實疫情訊息有相同貼文文字內,發文時間又相近的現象,蘇院長表達憂心與關切之意,並非針對單一藝人的發文。羅秉成表示,在此疫情期間,相關不實的疫情謠言泛濫,常見社群媒體平台上散播的假訊息,不但內容雷同近似,且有同時同步投放的協同作假跡象,有系統性、組織性的資訊操弄作為,類此疫情假訊息被有心人操控而廣為流傳,這不僅對辛苦的防疫工作同仁造成不必要的壓力負擔,甚至會引起社會與民眾的恐慌,非常不該。羅秉成進一步表示,台灣是高度保障也珍惜言論自由的國家,蘇院長也對因染疫而消逝的每一個生命感到不捨,但類此利用不實資訊、故意混亂社會秩序,甚至危害民主與國家安全的行為,政府會依法加以究責查辦,也希望國人提高警覺,不輕信也不轉傳未經查證的訊息,以免遭人利用為傳播工具而不自知。羅秉成強調,台灣是成熟的法治國家,對相關違法的疫情假訊息,法律有明確的處罰依據,而執法權責單位本應主動依法調查不法,並積極查辦製造假訊息的源頭,政院也希望並支持相關執法機關,均能本於職權依法行政,儘速釐清事實與責任,以期有效懲假,抑制並降低疫情假訊息的危害。",https://www.chinatimes.com/realtimenews/20220528002907-260407,中時,政治,林縉明,"[175, 319, 455]",,,,,,
新聞分析》雙語國家政策粗製濫造 百億預算花到哪淪迷霧,"總統蔡英文高喊的2030雙語國家政策,口號拋出之後,引起批評不斷,學界更高度質疑其粗糙又沒有方向,強烈呼籲收回此案。而行政院長蘇貞昌今(28)日出席全國文化會議,拋出《國家語言發展法》並不是要讓台灣成為「雙語國家」的說法,讓外界質疑該案是否就此打住,但隨後教育部否認,並強調將會進行到底。為了執行蔡總統高喊雙語國家的遠大理想,行政院已核發100億元的預算給教育部,自2021年到2024年,從小學到大專校院執行雙語國家政策,相關新制已於去年9月上路。打開跨部會預算書,特別在教育方面,執政黨認為教育是達成雙語國家最重要途徑,因此讓教育部獲行政院發布90億元經費推動政策,其中包含大專校院25億元、高中以下學校65億元;去年則另支出20億元打根基。而國發會也獲得10億元的經費。即便雙語國家政策在教育方面的做法,相關政策推動的可謂是大張旗鼓,不過仔細觀察,民進黨政府斥資巨額經費,但執行方式還有經費分攤等細節,好比謎團,與8400億元的紓困預算一樣,錢到底花到哪裡,是否有回饋到民眾身上,國人一無所知,當然執政黨也不會對外公布。針對雙語國家政策,上路之後引起諸多批評,學界更是砲轟不斷,台大人文社會高等研究院院長廖咸浩日前甚至怒批,雙語國家根本是經濟壓倒文化的政策,「搞產業的人自以為了解語文,推出『烏魯木齊』的政策,完全沒有經過思考,亂七八糟!」政大傳播學院院長郭力昕更批評這項政策走向淪於高度英語崇拜,讓台灣淪為「文化自我殖民」。而蘇揆今日在公開場合脫口而出,稱《國家語言發展法》並不是要讓台灣成為「雙語國家」,讓外界忍不住質疑,難到蔡政府終於願意懸岩勒馬,收回這項超級錯誤又失敗的文教政策嗎?不過,教育部隨後以文字回覆媒體,強調政策沒有要收回,還是會執行下去。想想也是必然的,畢竟百億元預算已核發到各處了,相關單位與人馬相信皆雨露均霑,所以當然也不是蘇揆一句輕浮的場面玩笑話,就能讓執政黨輕易收手獲得好處的機會。",https://www.chinatimes.com/realtimenews/20220528002817-260407,中時,政治,李侑珊,"[144, 225, 338, 463, 616, 732]",,,,,,
郭彥均慘遭出征 連勝文轟:不是只有民進黨大官的命才是命,"本土染疫幼童死亡數持續增加,藝人郭彥均在臉書感嘆染疫孩童,卻遭行政院長蘇貞昌斥責不實謠言,揚言法辦;衛福部長陳時中也認定郭散布假消息。國民黨副主席連勝文下午聲援郭,批評不是只有民進黨大官、豢養的鷹犬的命才是命。連勝文表示,郭彥均講的話讓他很有同感,到今天為止已有10個小朋友因染疫離世,若10個不算多,請問民進黨覺得要有多少小朋友離世才算多?民進黨害怕民眾表達憤怒與不滿針,用這種方法壓制不同與民間真實聲音,非常糟糕。連勝文說,小孩的命也是命,老人的命也是命,不是只有民進黨大官、豢養的鷹犬的命才是命,一個小孩離開都很痛苦,將來若有更多不幸事件誰負責?國民黨文傳會副主委林家興指出,面對蔡政府動用國家機器箝制言論自由,國民黨號召全體黨公職及所有願為孩子發聲民眾持續貼文,用各種行動為孩子權益發聲,冷血政府防疫無能只敢壓制民意,若蘇貞昌有膽,就把大家通通移送法辦。林家興批評,台灣防疫失控,讓國際包括美國在內將台灣列高風險地區,但政府不努力保護國人,還動用網軍與國家機器出征、約談說真話的人,打壓言論自由,凸顯自己防疫無能,只敢處理提出問題的人,難道10位染疫逝世孩子不算多?本土疫情重創國內觀光、餐飲業,民進黨政府擬再投入346億元振興。連勝文說,民進黨因政治考量,在缺疫苗、快篩試劑,醫療量能不足下,倉促要人民要與病毒共存,造成傷害後,又說要發錢,說明民進黨心虛,用贖罪心態做這樣的事情。連勝文表示,若民進黨政府要再發振興券,應改名為贖罪券,因為把防疫搞砸才贖罪。",https://www.chinatimes.com/realtimenews/20220528002815-260407,中時,政治,周志豪,"[105, 209, 276, 381, 487, 595]",,,,,,
蔣萬安挨批權貴 連勝文:總統府、政院內掌權不做事的人才是,"國民黨提名立委蔣萬安參選台北市長,遭綠營是黨國後代、權貴參選。國民黨副主席連勝文今回擊,真正的權貴是現在坐在總統府與行政院裡面,掌握權力卻不做事,尸位素餐,只會搶奪個人利益,不管民眾的這些大官。談到蔣萬安選情,連勝文說,相信蔣只要腳踏實地努力奮鬥,面對挑戰就勇往直前,即便遭遇民進黨網軍、塔綠班鷹犬攻擊,也千萬不要因此就害怕或氣餒,最終會獲民眾認同。至於桃園市長提名風波,連勝文認為,包括桃園市議長邱奕勝在內很多桃園地方領袖,對桃園都有非常多貢獻,也都是格局很大的人,對桃園未來發展都有很熱切的期盼,相信最終會為桃園未來發展與桃園民眾幸福一起來努力。",https://www.chinatimes.com/realtimenews/20220528002760-260407,中時,政治,周志豪,"[97, 175]",,,,,,
林智堅桃竹市長選舉傳聞 黨政高層困惑:防疫期間放話不恰當,"日前特定媒體傳出新竹市長林智堅要到桃園選市長、林智堅屬意副市長沈慧虹接班,甚至有媒體指出「鄭文燦多次向蔡英文總統表達盼林智堅征戰桃園」、「新竹市長林智堅點頭答應選桃園市長」,不料卻慘遭鄭文燦及桃園立委黃世杰打臉。黨政高層表示,林智堅是民進黨的縣市首長,過去大新竹合併議題,讓總統和立法院都加入戰場,最後卻聲稱自己不當大新竹市長而草草結束,其實黨內中執會、中常會、選對會的大門都為林智堅敞開,候選人的討論可以先溝通再對外說明。況且防疫期間這些放話其實是傷害民進黨的形象,讓選民認為綠營執政無心防疫只想選舉,相當不恰當。針對林智堅選桃園市長議題,鄭文燦早在去年說過「林智堅不在桃園市的政治版圖內」、這幾天也說林智堅參選桃園「沒有人問過我」;桃園市立委黃世杰也以民進黨發言人的身分表示「現階段國人最關心的就是疫情的變化,桃園市長鄭文燦與新竹市長林智堅目前都以防疫為優先,這也是民進黨政府目前最重要的工作。國民黨提名張善政是國民黨的家務事,民進黨目前相關縣市長提名作業並未有任何新進度,更遑論什麼點頭參選,相關報導前應先行查證,也避免影響縣市長防疫工作」。民進黨高層也指出,林智堅選桃園市長是「不可能了,現在不要想這個」,桃園市長鄭文燦並不喜歡一再放話,甚至還提條件「只要新竹市找到好的接班人,他就願意到桃園參選,且民進黨要先解決林智堅的戶籍及解職問題」。黨政高層強調,難道黨內沒有其他桃園市長和新竹市長人選嗎?目前桃園市長選舉尚有很大討論空間,更遑論林智堅想指定沒有黨籍的副市長接班,連前副總統陳建仁都要先入黨才能安排了,難道沈慧虹會比陳建仁還要大牌嗎?目前最可能的方向是林智堅為黨承擔戰新竹縣長,贏了就順理成章繼續為大新竹合併努力,若輸了就順勢入閣,累積政治能量。張善政投入桃園市長選舉引發在地紛擾,黨政高層亦擔憂空降和落跑的標籤貼在林智堅身上。黨政高層表示,林智堅是一張好牌,但再怎麼好的牌,也應該避免反噬整個牌局,希望疫情期間,讓黨內多一點溝通時間。",https://www.chinatimes.com/realtimenews/20220528002784-260407,中時,政治,綜合報導,"[258, 474, 574, 730]",,,,,,
蘇巧慧批侯友宜「爭功諉過」新北副發言人反酸:裝睡叫不醒,"新北市立委蘇巧慧今批評新北市長侯友宜「爭功諉過」,拿到中央的快篩就說「我發的」,遇到民眾抱怨領不到居隔書,就推給中央,她認為唯有中央與地方合作,才能早日安然度過。不過新北市前後任副發言人都發文反擊,要她別把中央的錯推給地方。蘇巧慧今天參加議員張維倩服務處舉辦香包製作活動,談到新北市的疫情,忍不住批「有人不配合,還把做不好的事情甩鍋中央」唯有中央與地方合作,才能早日安然度過。新北市副發言人張劭斌表示,蘇委員發言前要做好功課,新北市用自行購買的快篩,來鼓勵施打疫苗,請問到底哪裡收割中央?您究竟是沒有做功課?還是故意裝睡叫不醒,這一個多月,包括居家照護、居隔轉型,以及快篩陽視同確診,新北市都承擔先行,爭功諉過的到底是誰?各界自有公評。前副發言人戴湘儀則說,蘇巧慧坐在辦公室護航自己的爸爸,但許多人民現在卻是在病床邊守護自己的親人,請委員別把中央的錯推給地方、這不是政治算計的時候,這是人命關天的時候,要當個立委,就請好好監督、仗義執言,別因為是侯友宜而罵。",https://www.chinatimes.com/realtimenews/20220528002712-260407,中時,政治,葉德正,"[112, 188, 318]",,,,,,
蘇貞昌要查郭彥均 劉和然:要看有沒有散布動機,"藝人郭彥均臉書指「很多孩子都走了」遭出征,行政院長蘇貞昌也說要查,新北市副市長劉和然今被問到此事時表示,疫情期間依傳染病防治法規定,網路媒體訊息是真或假有很多規範,他認為要回到動機,當事者有沒有散布動機,有沒有散布事實,相關單位要查明,如果是事實,法律有相關規定,如果不是,要還當事者清白。新北市長侯友宜上午去視察疫苗施打情形,有醫院抱怨沒有藥品,新北市衛生局長陳潤秋說,中、小型醫院因沒有專責病房,不是抗病毒配送醫院,中央主要將藥物派給醫院、衛生局,由衛生局來配付,醫院若有需求,可以向區內醫院、衛生局申請,或將處方籤釋出,由指定要局送藥,目前藥物都還有庫存。",https://www.chinatimes.com/realtimenews/20220528002572-260407,中時,政治,葉德正,[145],,,,,,
蘇貞昌放話法辦「不實謠言」 他喊話:收一收殺氣,"今(28日)有媒體詢問行政院長蘇貞昌「藝人郭彥均發文說很多孩子離開,引發網軍攻擊,外界質疑政府有無相關責任?」蘇則回應,這種不實謠言、內容相近類似,都由相近團體有明顯操作痕跡,非常不宜,同時該說法對辛苦的防疫工作也非常不尊重,並且引起社會恐慌,大可不必,我們會加以咎責查辦,同時也希望國人同胞大家不要相信假訊息,也不要亂傳未經查證的訊息。對此前台北市議員羅智強今(28日)以「蘇貞昌,可以停殺嗎?」為題,指出藝人郭彥均因一段「很多孩子都走了」的感慨,在網軍圍攻下黯然道歉,「但這樣還不夠,蘇貞昌本尊還親自上陣,殺氣十足的祭出追殺令『假消息究責查辦』」。羅智強表示,他想提醒政府的是「請問郭彥均的感慨,算是『假消息』嗎?」他指出,依據政府公布的數字,目前已經有10位兒童不幸染疫往生,而在父母心中,1個孩子就是一顆心寄掛的全部,而1個孩子走了,就是一對父母一輩子無法平復的傷痛,「郭彥均的感慨,才是天下父母心的感慨」。最後羅智強坦更向蘇貞昌喊話,呼籲他「收一收殺氣,面對人民無奈的感慨發抒,可不可以不要動輒擺出『殺殺殺殺殺』的姿態」?",https://www.chinatimes.com/realtimenews/20220528002561-260407,中時,政治,焦捷,"[169, 276, 408]",,,,,,
有完沒完?促轉會關門前籲政府「改國幣」彰顯「進步價值」,"年燒1.5億預算的促轉會在歷經4年運作後,於關門前提出《任務總結報告》。該報告除要求拆銅像、拆中正紀念堂外,首度建議政府停止使用有蔣中正肖像的鈔票、硬幣;而更改國幣後,應改以台灣文化獨特性與「進步價值」取代,以此凝聚國家認同。即將在5月底依法落日的促轉會,在任務結束前向行政院提出《任務總結報告》。依《促轉條例》規定,促轉會的四大任務,分別為開放政治檔案、清除威權象徵、平復司法不法、不當黨產之處理及運用。其中,針對「清除威權象徵」,促轉會於4年運作期間著力甚深,並在總結報告中,除再次要求拆除中正紀念堂,也首度明確呼籲變更國幣。促轉會透過報告指出,促轉會在107年11月曾聯繫中央銀行商討國幣改版事宜,隔月進一步函請央行提供歷年國幣改版數據。接著,108年3月、5月接連召開2次國幣改版評估專家諮詢會議,邀集財政、國貿、法律、政治、人類學等領域學者專家及前中央印製廠人員,就國幣改版議題提供意見,作為對國幣威權統治者肖像處置參考。促轉會強調,新臺幣發行以來,主要選用孫文、蔣中正頭像作為國幣代表圖案。這種獨尊政治領袖、甚至以具有人權爭議紀錄的軍事強人為幣面圖像的做法,並非民主國家的慣有原則。促轉會說,蔣中正為《促轉條例》所定義威權統治時期的威權統治者,將頭像刻製在法定流通貨幣上,形同默認威權統治者仍然作為對內凝聚認同、對外代表共同價值的象徵,實在有悖於民主憲政秩序的基本價值。促轉會也進一步指出,央行前總裁彭淮南在106年時曾說,若要將紙幣、硬幣全部收回,至少要花6年,成本約500億。為此,促轉會於108年7月親自拜會央行總裁楊金龍,當時央行以「幣信無虞」為由,表示無國幣改版之規劃。儘管如此,促轉會仍持續緊追更改國幣的議題。促轉會說,107年12月函請央行提供歷年國幣改版數據,發現改版成本500億的說法,是以全面改版成本來計算,其中包含所有面值的券幣、機具設備調校及點鈔機、ATM、自動售票機、自動販賣機的更新成本。對此,促轉會認為,處置貨幣威權圖像並非只有全面改版這種方法,例如規劃改版優先順序,透過一般汰舊換新的作業,達到逐步處置威權象徵的結果。因此,央行宣稱的國幣改版耗費鉅資之說,應商榷評估。促轉會進一步在總結報告提出具體建議,強調蔣中正為破壞民主憲政體制、行使國家暴力與侵害人權的威權統治者,不宜維持其肖像作為我國國幣圖樣,政府應評估停止使用具有侵害人權紀錄的威權統治者肖像。至於去除蔣中正肖像後,該以何種圖像取代?促轉會建議,「應呈現臺灣文化獨特性與進步價值」,可應彰顯我國自然景觀、文化歷史的獨特性,也應兼顧族群融合、性別平等、生態保育等進步價值。",https://www.chinatimes.com/realtimenews/20220528002506-260407,中時,政治,朱真楷,"[113, 265, 416, 497, 591, 696, 814, 906, 999]",,,,,,
10位孩子生命算少?朱立倫號召聲援郭彥均:要辦連我也法辦,"本土染疫幼童死亡數持續增加,藝人郭彥均在臉書分享與醫護友人對話感嘆「看到這(麼)多孩子就這樣走(了)」,行政院長蘇貞昌今嗆聲法辦。國民黨主席朱立倫下午於臉書聲援表示,即刻號召全國黨公職聲援郭彥均、聲援小小孩。朱立倫批評,若講真話要被法辦,那就通通法辦,「連我也法辦」;若憐憫孩子要被抓,就把全台灣為孩子發聲的人都抓起來;政府不努力保護民眾、兒童,卻動用網軍與國家機器出征、約談說真話的人,根本搞錯兒童染疫死亡的真實問題。朱立倫說,今天又有兩位5歲與6歲孩童因染疫離世,累計這波疫情已經有10位孩子走了,請問蘇貞昌與衛福部長陳時中,有沒有看到20位重症的孩童?有沒有同理心?「10位孩子的生命算少?」",https://www.chinatimes.com/realtimenews/20220528002478-260407,中時,政治,周志豪,"[104, 210]",,,,,,
新竹祕密景點曝光!鄭宏輝一張「背影照」 竟感動大批網友,"行政院顧問鄭宏輝爭取代表民進黨參選新竹市長,對地方關心不遺餘力。鄭親赴台灣三大古圳之一的新竹隆恩圳,除介紹相關歷史文化,更分享當地咖啡烘焙體驗工廠頂樓,竟暗藏能眺望竹科X基地的「祕密景點」。鄭與咖啡烘焙體驗工廠總經理站在上面眺望著公道五路、天燈館和頭前溪,隨即開始對未來建設筆畫起來,兩人的背影照引發大批網友共鳴,盛讚鄭無論到哪都心懷市政。鄭宏輝27日在臉書發文表示,台灣三大古圳之一的新竹隆恩圳,從王世傑開墾竹塹以來已有三百年歷史,灌溉新竹四百甲的面積,也流經今天想跟大家介紹的水源里水源橋。鄭宏輝指出,水源橋就蓋在隆恩圳上方,相傳是日治時期為了方便通行所建,儘管橋身完美安全,建橋後還是頻傳村民落水等意外,直到風水師指點建議村民設立「石雞母」來鎮壓「蜈蚣穴」,才解開意外原因,而石雞母也持續保庇地方居民,至今仍是大家心中的守護者。鄭宏輝特別前往位在蜈蚣穴上的「赫曼咖啡烘焙體驗工廠」,與總經理王進忠一同參訪、感受當地風情。鄭強調,在該咖啡烘焙體驗工廠頂樓,暗藏能眺望竹科X基地的「祕密景點」,站在上面公道五路、天燈館和頭前溪都一覽無遺,他們當下馬上對未來建設筆畫起來,笑說有這樣的景色直接討論市政建設真的很方便。此文引發大批網友迴響,紛紛留言:「令人感動的背影」、「輝哥到哪都不忘市政,令人感佩」、「加油輝哥,唯一支持輝哥!」「輝哥超棒!」「這樣把新竹市發展放心上的人,才是市長的不二人選」。",https://www.chinatimes.com/realtimenews/20220528002476-260407,中時,政治,王子瑄,"[170, 247, 367, 508]",,,,,,
農田水利法違憲訴訟 蘇煥智質疑政府:花2.9億收買學界?,"前台南縣長蘇煥智在臉書指出,這次農田水利法違憲訴訟,憲法法庭邀請專家吳啟瑞,掛著「台灣水資源與農業研究院」二所所長及助理院長職務;這是2016年8月蔡英文就職後才成立,五年內接受政府委託案55件,委託總金額高達2.8963億元。「這算不算花2.9億收買學界?」2020年農田水利法通過,農田水利會改制成公務機關,38名在野黨立委對農田水利法部分條文聲請解釋。憲法法庭日前舉行行言詞辯論,蘇煥智為訴訟代理人。蘇煥智在臉書指出,「台灣水資源與農業研究院」,「我很好奇怎麼會有這一個組織呢?」後來才發現其背後是「財團法人台灣水資源與農業研究院教育基金會」,是2016年8月蔡英文就職後才成立的基金會,「吳榮義還是董事長。這好像不是他的專長,怎麼手伸那麼遠」?他說,更讓他訝異的是,在其成立短短五年內,共接受政府委託案55件。委託總金額高達2.8963億元;而其中光是農委會及農田水利處(佔絕大多數)的案件共38件,光是金額就高達2.26億元!他說,這令他不禁聯想到這個所謂「研究院及基金會」,根本就是為了「沒收農田水利會,改制公務機關」用來收買學家及專家的白手套。他說,而且很有趣竟發現吳啟瑞107年7月在政大科法所的碩士論文題目:「農田水利會公法人困境與制度續造」而其論文研究結論:「本文認為,農田水利會公法人為既存之行政主體,其組織人員與公益資產之保障,以及自治功能之重要性,應在組織變革選擇中納為重要關鍵因素與行政組織法之原理原則並行判斷。再者,學者ElinorOstrom提出永續經營之灌溉組織所服膺之八項原則,以及德國、荷蘭及日本均採行自治團體之農田水利組織體制,都再度強化本文大膽提出的最終建議:社團公法人仍為農田水利事業體最佳經營模式。」他說,吳啟瑞的論文結論可以證明,「將農田水利會改制為公務機關,並沒有必要性;反而是開政府組織再造的歷史倒車!」而且也證明吳啟瑞在憲法法庭所提供的意見,完全違背其碩士論文的研究結論。他說,為了「沒收水利會」用2.9億來收買學者專家;卻是消滅吳啟瑞的研究結論「社團公法人仍為農田水利事業體最佳經營模式。」而且是重蹈「1937年納粹希特勒消滅德國水利會,財產收歸國有」的覆轍!根本就是「花錢改惡,貪圖民產!」",https://www.chinatimes.com/realtimenews/20220528002364-260407,中時,政治,曾薏蘋,"[130, 203, 326, 418, 479, 631, 723, 813]",,,,,,
鄭寶清現身龍潭龍元宮 誠心祈求3願望 網友讚爆,"本土疫情持續延燒,民進黨桃園市長擬參選人鄭寶清昨(27日)到龍潭龍元宮,特別向神農大帝誠心祈求保祐台灣。他今(28日)在臉書曝光當時許下的3個願望,更是吸引網友一片讚爆。鄭寶清指出,昨到龍潭龍元宮敬神謝天,向神農大帝誠心祈求保祐台灣,第一個是願風調雨順、國泰民安;第二個是願疫情早日遠離,恢復正常生活;以及第三,願人人平安健康,安居樂業!對此有網友在該篇貼文留言表示,「加油」、「讚」。",https://www.chinatimes.com/realtimenews/20220528002302-260407,中時,政治,莊雅婷,"[85, 169]",,,,,,
郭彥均發文遭出征法辦 她怒嗆蘇貞昌:要死幾個才覺得夠多?,"藝人郭彥均日前在臉書分享醫護朋友敘述「小孩越來越慘」、「這麼多孩子就這樣走」的貼文,遭網友出征刪文,連行政院長蘇貞昌都高喊假消息要查辦,國民黨台北市議員王鴻薇怒炸,批評政府不能保護孩子,只會動用國家機器封人民的嘴,「讓你不能講、不敢講」,嗆聲說「要辦連我一起辦。」王鴻薇稍早在臉書發文,指郭彥均在臉書分享友人心情,一句「很多孩子都走了」引發網友出征,讓對方下架貼文道歉。桃園市前議員王浩宇還要告郭彥均,但王浩宇就算了,行政院長蘇貞昌竟然動怒要把郭彥均法辦,她感嘆政府不能保護孩子,只會動用國家機器封人民的嘴,讓人不能講、不敢講,真是士可忍孰不可忍。王鴻薇質疑,蘇貞昌昨天以行政院長之尊,以老縣長之姿到新北市藥局視察,面對的不是民眾的掌聲反而是嗆聲,或許蘇貞昌老羞成怒,乾脆拿郭彥均開刀。但是在網路上已經一堆發出「很多孩子都走了」的悲鳴,蘇貞昌難道要統統法辦嗎,「如果要辦郭彥均也一起辦王鴻薇。」王鴻薇感嘆,每個孩子都是父母的心頭肉、手中寶,每一個孩子都是獨一無二,看到這麼多孩子在這場疫情中死亡或轉成中重症,每個人心都是痛的。到昨天為止,已經有8個孩子失去生命,請問蘇貞昌這樣的死亡人數不多嗎?還要死幾個你才覺得夠多?文末,王鴻薇直言,不想再看政治人物的冷血。願上天憐憫每一個父母,在疫情中,孩子們不要再多犧牲生命,不要再受重症之苦,並打上「我們要的是守護不是法辦」標籤,此文一出不少網友紛紛贊同,質疑死的不是官員家的人,所以才覺得數量不多,認為是造謠。",https://www.chinatimes.com/realtimenews/20220528002318-260407,中時,政治,黃婉婷,"[132, 274, 397, 509]",,,,,,
蘇貞昌要查辦郭彥均 網友:回到黨國思想?,"藝人郭彥均日前在臉書分享「看到這麼多孩子就這樣走」,遭到網友出征,蘇貞昌和陳時中都喊查辦。對此,PTT網友質疑,「現在回到黨國思想?」「有夠文字獄!」藝人郭彥均日前在臉書分享與醫護朋友的對話內容,其中談到「小孩越來越慘」、「看到這麼多孩子,就這樣走」,遭到網友出征,郭事後也刪文致歉。行政院長蘇貞昌28日出席全國文化會議前受訪表示,這種不實謠言內容相近類似,有很明顯的操作痕跡,非常不法、不宜,也對辛苦的防疫工作不尊重,並引起社會恐慌,將加以究責、查辦。疫情指揮中心指揮官陳時中今日在記者會也表示,會進一步釐清是否有人散播不實的訊息,查明後將依法最高可罰300萬元,或3年以下有期徒刑或拘役。警方表示,郭彥均臉書發布的內容是否不實?並非由警方說了算,將函請衛福部認定是否為假消息或觸法。對此,PTT網友回應,2020年丁怡銘牛肉麵事件,蘇貞昌不是曾說年輕人難免犯錯?「月底了,1億劑快篩在哪裡?」「現在回到黨國思想?」「綠色恐怖」、「有夠文字獄」、「騙神仔」、「民進黨真的超扯」、「噁心」、「現在人民靠夭一下都不行?」、「防疫能這麼有效率就好!」「也太小題大作!」",https://www.chinatimes.com/realtimenews/20220528002281-260407,中時,政治,丁世傑,"[75, 142, 227, 296, 343]",,,,,,
郭彥均揭醫護慘況恐遭法辦?趙少康怒嗆蘇貞昌:不要冷血!,"藝人郭彥均日前在臉書分享與醫護朋友的對話,內容提到「看到這(麼)多孩子就這樣走(了)」,引發爭議,郭事後也發文道歉並澄清。行政院長蘇貞昌今(28日)表示,這種不實內容相近類似,都由相關團體明顯操作痕跡,非常不宜,「我們會加以咎責查辦,同時也希望國人同胞大家不要相信假訊息」。對此中廣董事長趙少康今(28日)在臉書以「蘇貞昌不要冷血」開頭,並指蘇貞昌「對最近台灣慘況的理解真是讓人不可置信!」趙少康表示,藝人郭彥均公布跟醫護友人的對話,除了挺醫護,也對國內陸續有小朋友因新冠肺炎病逝而感到痛心,「這是實話」,而針對蘇貞昌說「很多孩子走了」是謠言,趙少康怒批,「請蘇貞昌跟蔡英文說清楚,在你們這些大官眼中,死幾個孩子才叫多?才不是假消息?我們才能開始感到悲痛?趙少康直言,自己要告訴蘇貞昌,對每個父母來說,死一個孩子都太多,都會是一生難以抹滅的懊悔跟傷痛。而政府先利用塔綠班散播的「出征病毒」,禁止人民發出不平之鳴,再由大官們出面力挺網軍的胡作非為,讓塔綠班可以繼續肆無忌憚作亂,「這個共生結構真是邪惡、可惡至極!」最後趙少康喊話「與其把心力放在查辦完全屬實的『假消息』,請大官們心繫人民安危,不要讓台灣的致死率高於全球,是民眾最最卑微的要求了」。",https://www.chinatimes.com/realtimenews/20220528002239-260407,中時,政治,焦捷,"[137, 195, 328, 456]",,,,,,
王鴻薇發淹水舊照轟林靜儀掀爭議 盧秀燕這樣說,"國民黨台北市議員王鴻薇以中市沙鹿8年前淹水照,批民進黨在地立委林靜儀竟在日內瓦參訪、拍美照引發爭議。台中市長盧秀燕今天回應表示,對個人間的問題沒有評論,這次狂風暴雨在任何行政區都可能遇到積、淹水,中市治水不間斷,持續與中央合作改善排水,讓市民都能睡好覺。盧秀燕今天參加「十全公園開闢工程」開工動土祈福典禮,針對中市沙鹿淹水照一事低調回應表示,對於個人間的問題沒有評論。盧秀燕指出,台中市這幾年積極投資排水工程、設施,包含大甲民權路排水道,清水公正路、高美路,沙鹿中山路、向上路,梧棲大智路地下排水道等,感謝民代大力支持。針對昨天大雨造成中市多處積水,盧秀燕指出,這次狂風暴雨的雨量,在任何行政區都可能遇到積淹水情形,主要還是降雨量超過道路側溝與雨水下水道保護標準,中市治水是不會間斷,市府會繼續與中央合作改善都市排水問題,希望讓所有市民都能睡好覺,這是要繼續努力的目標。",https://www.chinatimes.com/realtimenews/20220528002194-260407,中時,政治,陳淑芬,"[127, 184, 260]",,,,,,
王世堅怒嗆網軍「沒人性」 Ptt鄉民讚爆:真男人!,"日前確診的台北市長柯文哲,傳出兒子也確診昏倒緊急送醫,卻引來網友質疑「只是發燒,為何送急診?」,對此民進黨台北市議員王世堅27日在中視政論節目《庶民大頭家》節目中表示,他這麼強力且嚴厲監督柯文哲,可是政治不外乎人性,當他兒子染疫時,當然是給他祝福,竟還有人在網路上質疑他、甚至還修理他,並稱這是市長的小孩,所以是不是有什麼特權?王世堅也指出,有多少年輕人突然間染疫就昏厥,為什麼可以這樣質疑?,他更氣憤地直言,「這樣提出這種言論的網軍,你相信你自己嗎?你是父母生的嗎?竟然會講這麼沒有人性的話」。而相關新聞今(28日)被轉傳至Ptt論壇後,也引起鄉民熱議,有鄉民大讚王世堅「堅哥真男人!」、「推堅哥,都失去意識了,不急救要死人嗎?」、「笑死,連王世堅都不挺塔綠班」、「這才是民主政治的典範!」、「連王世堅都看不慣的發言,側翼是不是該反省了?」,但也有鄉民擔憂的表示「塔綠班準備集結出征,來個寸草不生」、「塔綠班又要出征了!」。",https://www.chinatimes.com/realtimenews/20220528002071-260407,中時,政治,焦捷,"[164, 248]",,,,,,
批蘇貞昌用國家機器封人民嘴 王鴻薇:要辦郭彥均也一起辦我,"藝人郭彥均在臉書分享友人心情,一句「很多孩子都走了」引發塔綠班出征,讓郭彥均下架貼文道歉。行政院長蘇貞昌竟然動怒要把郭彥均法辦,國民黨台北市議員王鴻薇怒稱,政府不能保護孩子,只會動用國家機器封人民的嘴,讓你不能講,不敢講,真是士可忍孰不可忍。王鴻薇不滿直言,蘇貞昌昨天以行政院長之尊,以老縣長之姿到新北市藥局視察,面對的不是民眾的掌聲反而是嗆聲,或許蘇貞昌老羞成怒,乾脆拿郭彥均開刀。但是在網路上已經一堆發出「很多孩子都走了」的悲鳴,蘇貞昌難道要統統法辦嗎?王鴻薇感嘆,每個孩子都是父母的心頭肉、手中寶,每一個孩子都是獨一無二,看到這麼多孩子在這場疫情中死亡,或轉成中重症,每個人心都是痛的。她披露,到昨天為止已經有8個孩子失去生命,請問蘇貞昌,這樣的孩子死亡人數不多嗎?還要死幾個你才覺得夠多?她也說,不想再看政治人物的冷血。願上天憐憫每一個父母,在疫情中,孩子們不要再多犧牲生命,不要再受重症之苦。最後她怒言,我們要的是守護不是法辦,如果要辦郭彥均也一起辦王鴻薇!",https://www.chinatimes.com/realtimenews/20220528002041-260407,中時,政治,丁世傑,"[121, 229, 348, 401]",,,,,,
郭正亮被嚇到!陳時中最新防疫民調超驚人 網秒回一句哭了,"台灣疫情持續升溫,昨日(27)新增94855例本土病例,更新增126例死亡創新高,引發民眾恐慌。民進黨前立委郭正亮公布一份民調,64.5%的民眾認為防疫表現比去年退步,另外也有57.9%的民眾認為疫情已經失控;郭對此驚訝表示,這是該民調第一次做出對防疫以及衛福部部長陳時中不利的民調。此消息引熱議,有網友直言:「台灣人是健忘的,想想公投的結果吧!」引發大批網友迴響。郭正亮昨日在《中天新聞》節目〈洪淑芬辣晚報〉搶先曝光《美麗島電子報》有關疫情部分的民調,郭表示,這份民調下周一才要公布。該民調詢問「民眾認為今年的防疫表現是不是退步?」有64.5%的民眾認為比去年退步;該民調詢問「民眾是不是認為目前的防疫狀況已經失控?」有57.9%認為已經失控。郭正亮指出,去年對防疫表現滿意的有63.9%,現在卻只剩下48.9%,跌了15個百分點。郭強調,以往《美麗島電子報》所做的民調,陳時中的民調都還蠻高的,這次是第一次做出對防疫和陳很不利的結果。此消息引發熱烈討論,網友湧入《中時新聞網》與臉書相關連結留言。有網友表示:「台灣人是健忘的,想想公投的結果吧!」此話獲得不少共鳴;其他網友則回應:「放心吧,塔綠班都還沒出手呢!想想公投的結果吧,呵呵!年底國民黨完蛋囉!」「民進黨選舉超厲害,別掉以輕心」、「滿意48.9%?塔綠班基本盤?」「哭哭,817仍會投票給民進黨的」、「陳時中如果宣布選台北市長,還是很多死忠的,現實就是令人想哭」。",https://www.chinatimes.com/realtimenews/20220528001942-260407,中時,政治,王子瑄,"[183, 323, 419]",,,,,,
影/張善政見完邱奕勝選桃園有勝算? 他曝這件事一定要做,"前行政院長張善政獲國民黨徵召參選桃園市長,引發基層譁然,近期2次試圖拜會桃園市議長邱奕勝卻無功而返,26日終於見面。對此,桃園市議員黃敬平對此認為,張善政只要多來桃園走走,多請益,多了解在地需求,用誠心誠意來打動人心並且提醒還有一件事情要做,也就是把戶籍遷到桃園吧!像前台北市議員羅智強一樣買房,宣示決心也不壞。黃敬平26日接受本網《政新鮮》專訪時指出,鼓勵張善政像羅智強一樣多到桃園走走,接觸到第一線民眾,最直接了解民眾反應,也可了解市政問題,多走走、多拜訪、多請益、多來桃園,「把戶籍遷到桃園吧,像羅一樣買房宣示決心也不壞,要桃園人認同你就要展現決心跟誠意」。黃敬平指出,雖然政黨支持度從全台灣到桃園都不利於國民黨,但只要全黨能放下恩恩怨怨,全力輔選張善政,當民進黨各懷鬼胎、自視甚高時,民進黨自己會不同心,民進黨氛圍也是很混沌。國民黨要先把自己整合好,不要亂了陣腳,團結不是說說而已,張善政跟他的幕僚團隊當然也要再加油,真正了解地方,善用地方呂玉玲、萬美玲、邱奕勝議長等組織勢力,再運用羅智強空戰優勢,整合各方不是沒有機會。",https://www.chinatimes.com/realtimenews/20220528001938-260407,中時,政治,莊雅婷,"[156, 282]",,,,,,
拉下口罩表明身份施壓?徐巧芯:當時嘴巴油油,"國民黨台北市議員徐巧芯遭爆料在紅線違規停車,甚至傳出對員警施壓,如今再爆出案外案,徐沒有把口罩戴好,對員警表明身分,遭檢舉依《傳染病防治法》開罰3000元,外界質疑她是為了表名身份才拉下,但她今強調自己是因為「嘴巴油油」才脫下,絕非特地秀給警方看,且講話過程中她就盡快戴上了。徐巧芯今早現身北市議會,親上火線回覆近期爭議,她除了強調自己絕無施壓、違停做法做法也不對,對於自己當時特地拉下口罩到下巴,對著員警表明「我是徐巧芯」一事,也做出相應說明。徐巧芯說,自己計算拉下口罩的時間大約不到8秒鐘,就發現不對趕快發上口罩,對於大家看完影片後,對於每個環節的質疑,她都會理解且接受,今天出面就是要說明自己她的想法和思路,畢竟公眾人物必須要接受公評,還是要對違規停車和後續造成的紛擾,再次表達歉意。不過外界質疑,為何要特地表明自己的身份,徐巧芯則說,當時員警正在看她先生的身分證,配偶欄也有她的名字,且自己只是習慣性介紹名字,如果沒有自我介紹也蠻怪的,是直覺反應,也沒有說因為自己是議員所以不要開單,不過大家各有解讀,這也是她的問題,謝謝外界檢驗。",https://www.chinatimes.com/realtimenews/20220528001817-260407,中時,政治,黃婉婷,"[138, 223, 345]",,,,,,
火力全開! 徐巧芯爆:周玉蔻施壓警政高層、騷擾公務員,"國民黨台北市議員徐巧芯遭爆紅線違停,北市信義警分局昨晚公布密錄器畫面,對話內容引發網上熱議,媒體人周玉蔻也質疑影片不完整,徐巧芯今早二度反擊,還爆料周玉蔻施壓警政高層,甚至傳訊騷擾市府公務員,她也公開嗆賭,說影片露出若有不完整之處,自己會退出政壇,反之周則必須退出螢光幕。徐巧芯今早現身北市議會,親上火線回覆近期爭議,她除了強調自己絕無施壓、違停做法做法也不對,也同時反控周玉蔻不斷透過公開、私下管道去施壓警方,給警局很大的壓力,甚至傳簡訊騷擾市府同仁,造成市警局困擾,所以她昨天7點半時主動向警方聯繫,表達希望公布密錄器畫面,因為自己只有調閱權力、沒有發布的權力,或許警方有類似想法因此在21時公開。徐巧芯說,或許周玉蔻看完影片後,覺得跟自己講的差距甚遠,因此在臉書兩度質疑北市警局和自己,說影片內容不是完整片段,因此她公開向周玉蔻嗆堵,如果相關畫面有任何變造、剪輯和短缺,她願意退出政壇負責,反之周則退出螢光幕,這種處處陰謀論、施壓警政高層,任何人嚴厲譴責,相關說法也汙衊警察局。由於過去周玉蔻曾傳出特權採檢事件,徐巧芯透露,自己已經向衛生局調閱資料,希望能將此爭議比照辦理,會調閱周玉蔻與衛生局、萬芳醫院聯繫內容,並強調自己會追查到底追查到底。現場媒體追問,為何知道周玉蔻施壓,徐巧芯則說,周玉蔻有公開表態,還點名內政部長之名,說下節目要去告狀」,另外也透過一些管道,聽到周在夜間發簡訊騷擾公務員,絕對都是具體事實,內容包括「睡不睡得好覺?」,但出自保護公務員的立場,不會公布當事人姓名。",https://www.chinatimes.com/realtimenews/20220528001751-260407,中時,政治,黃婉婷,"[136, 301, 442, 525]",,,,,,
防疫紓困預算僅17.5%做防疫 國民黨團:民進黨政府本末倒置,"本土疫情大爆發,國人單日染疫死亡人數也攀上新高。立法院國民黨團總召曾銘宗今批評,立院給民進黨政府8400億元防疫、紓困經費,僅1466億元,占17.5%用在防疫,卻將多數的錢用在振興,沒有用在該用的地方,「審計部應該查帳」。國民黨立委林德福也質疑,疫情當前,政府防疫預算應花刀口上,中央流行疫情指揮中心經常說超前部署,實際上慢半拍,防疫第一線需要的口罩、疫苗、快篩、用藥與醫護人力,要什麼缺什麼,主要預算放在各式振興券,本末倒置。曾銘宗表示,立法院通過防疫紓困特別預算共8393億元,對行政院是要錢給錢,還允許預算跨部會挪用,但蔡政府防疫工作做不好,到今天確診人數已經高達173萬人,死亡1784人,彭博社評估台灣防疫表現,在世界53國中倒數第3名。曾銘宗舉例,據中央流行疫情指揮中心統計,目前國人染疫發病後3天內死亡占17%,4至7天死亡占28%,但目前每日給藥率卻僅在8%至11.2%間,不及專家建議的至少15%,難道指揮中心缺藥?應加快給藥流程,不要繼續害死染疫民眾。曾銘宗也提到,行政院宣布免費提供6歲以下兒童5劑快篩試劑,但用完後怎麼辦?要求比照先進國家,在疫情高鋒免費提供快篩。林德福也說,指揮中心與行政院要求的預算,立法院幾乎如數同意,但結果是國人染疫與死亡人數節節攀高,指揮中心防疫表現至今樣樣做不好,只有買國產高端疫苗做得好,這裏面是有內容的,大家都心知肚明。林德福表示,如今政府投藥層層關卡,所以給的比率低,而遲遲不給藥也導致民眾可能染疫3至5天就死亡,讓單日死亡人數屢創新高,指揮中心難道不覺得羞恥?每天只會在那冷冰冰的報數字。曾銘宗說,現在國內單日確診與死亡人數創新高,但外傳指揮中心指揮官陳時中7月中將去職參選台北市長,陳防疫怠忽職守應該移送法辦、追究法律責任,或是送監察院彈劾,陳竟還有心想要選舉?呼籲選民屆時用選票唾棄陳。",https://www.chinatimes.com/realtimenews/20220528001707-260407,中時,政治,周志豪,"[112, 215, 325, 437, 495, 589, 675]",,,,,,
違停案延燒!徐巧芯親上火線:太多嘴、問太多問題造成誤會,"國民黨台北市議員徐巧芯紅線違規停車爭議延燒多時,北市信義警分局昨晚公布密錄器畫面,裡頭的對話內容引發網上熱議,她今日上午親上火線說明,強調違規停車是錯誤示範,若當時語氣讓員警感到不舒服,自己願意道歉,她也檢討是「自己太多嘴」,問一堆問題才造成誤會。徐巧芯今早現身北市議會,她表示,今天心情比較輕鬆,關於密錄器公布時間點,她早在5月19日向信義分局表達要公布,對方回應說案件調查忠,希望給員警機會,由於此事她也有責任,也避免有人對員警提告瀆職,所以不再積極要求,後來分局自己公布影片,並由看過密錄器的員警說明經過。外界質疑她有施壓,徐巧芯強調,自己沒有施壓的意思,且當時她語氣平和,但也許「說者無心、聽者有意」,也會檢討自己太多嘴,問了一堆問題造成大家誤會,「我是公眾人物,受到大家公評很合理,各種檢驗我都接受」,但一開始的爆料指得是她不讓員警開單,這仍然是明確的惡意和抹黑,因此會堅持提告。不過,不少網友認為,徐巧芯在開單過程中提到「那我們回去再講」,明顯就是施壓的證據。徐巧芯解釋,員警在她走出前就已決定不開單,因此把身分證遞回,不過鏡頭位置比較低,沒有拍到這個動作,並解釋那句話是在詢問,開罰政策到底是直接開還是先勸導,不過自己事後想想也發現搞錯拖吊和紅線停車的差異,她也自我檢討相關言論,坦言語意表達上要更精確。她隨即也強調,如果真的要施壓,會在員警退回證件時直接走人,而非反過來要求對方開單,也許這件事在過程中有很多東西造成誤會,所以她可以理解外界的質疑,但重申絕對沒有施壓之意,否則不會有希望開單的話出現,真的要施壓的話,口氣也不會這麼溫和。至於過去是否有找議長陳錦祥哭訴,希望警方不要公布內容,徐巧芯則否認,說議長在看到議員有新聞後都會了解一下,她也只是把過程據實以報,且自己跟議長碰面的時間點,早在副市長黃珊珊公開表示「沒有必要公布」後,所以沒有所謂向市府施壓的行為,事後也沒有跟市府高層聯繫。",https://www.chinatimes.com/realtimenews/20220528001680-260407,中時,政治,黃婉婷,"[124, 256, 395, 559, 676]",,,,,,
徐巧芯公布密錄器影片 黃珊珊:按照當事人意願公布,"台北市議員徐巧芯遭爆在紅線違規停車,事後澄清非事實,卻掀起她與資深媒體人周玉蔻之間的戰火,徐巧芯27日晚間表示,她正式向警方申請公布5月19日違規停車的密錄器影片;對此,北市副市長黃珊珊表示,當事人願意,就會按照當事人意願,沒有特別干涉。徐巧芯正式向警方申請公布5月19日違規停車的密錄器影片,可以證明她全程語氣平和,並且要求警察開單是事實,網友「微克」在PTT爆卦說她「不讓警方開單」完全是抹黑,對方也已經道歉,未來她仍會提出訴訟,並探究背後是否有設局、側翼網軍刻意下套等關鍵。黃珊珊則表示,昨天徐巧芯同意北市警局公布密錄器,因為現在出現一些政治上的效應,她不希望有困擾,所以希望我們公布,之前沒有公布是沒有當事人同意,至於違停的部分沒有爭議,會尊重第一線警員依法執行;黃強調,如果徐巧芯本人同意,那就會公布,按照當事人意願沒特別干涉。密錄器影片公開,徐巧芯也在臉書發文,要求周玉蔻提供與衛生局、萬芳醫院到府PCR採檢的通聯記錄,對此,黃珊珊表示,PCR有個人隱私問題,衛生局都是依法處理。",https://www.chinatimes.com/realtimenews/20220528001670-260407,中時,政治,游念育,"[119, 240, 369]",,,,,,
飛彈射擊絕密影片首曝光 軍方強調自助人助、防衛決心,"國防部繼昨日釋出海空飛彈射擊訓練照片後,今(28)日罕見加碼公布飛彈射擊實況畫面,再度震奮人心,並吸引軍事迷的關注。國防部發言人今在臉書以「堅定守護、自助人助」為題表示,和平奠基於堅實的國防,面對敵情與詭譎的國際情勢,我們始終保持高度警戒、勤訓不怠,以實際行動捍衛國土主權與民主自由!國防部指出,先自助後人助,秉持自我防衛的決心,會讓國人與全世界看見,國軍為維護臺海安全、區域和平穩定所做的努力。國防部強調,中華民國國軍將持續戮力戰訓、堅守崗位。請放心,無論面對何種挑戰,官兵誓將拚盡全力,守護、捍衛我們的家園!軍方並註明影片製作為國防部軍事新聞通訊社,拍攝單位包括海軍艦隊指揮部、空軍電視中心、軍聞社、青年日報等。",https://www.chinatimes.com/realtimenews/20220528001601-260407,中時,政治,丁世傑,"[58, 142, 198, 256]",,,,,,
吳釗燮:民主是對抗大陸最重要資產,"外交部長吳釗燮5月18日接受英國「旁觀者週刊」專欄主筆IanWilliams訪談表示,台灣的民主是對抗中國大陸最重要的資產之一,我國將持續與理念相近國家合作,堅守民主自由價值,民主陣營終將勝利。「旁觀者週刊」於1828年發行,歷史悠久,包括英國首相強森(BorisJohnson)等多位保守黨國會議員均曾擔任主編。訪談內容已於5月26日在英國「旁觀者週刊」網站及5月28日發行的紙本刊出,並以「保護台灣:從烏克蘭戰爭學到的教訓」(SavingTaiwan:thelessonslearnedfromthewarinUkraine)7頁封面故事的形式呈現。吳釗燮指出,中國機艦頻擾台灣,威脅區域的安全,我國位於民主對抗威權擴張的前線,政府及人民均有高度自我防衛決心。烏克蘭的經驗值得台灣借鏡。烏國人民堅挺抵抗俄羅斯,充分展現以小博大的力量,增強了我國人民保家衛國的意志。我國也積極發展不對稱戰力並充實全民防衛能力,以有效嚇阻中國犯台野心。吳釗燮強調,西方民主國家團結支持烏克蘭,迅速以具體行動援助,對中國可能是一記警鐘,但我們也不可忽視中國可能從俄羅斯所犯下的錯誤中學習。面對中國的威脅,我們深盼民主國家也能共同強化對台灣的支持。吳釗燮說,台灣的民主是對抗中國最重要的資產之一,我國將持續與理念相近國家合作,堅守民主自由價值,民主陣營終將勝利。此外,吳釗燮日前接受全美公共廣播電台(NPR)專訪,強調台灣會「維持現狀」(Wewillmaintainthestatusquo),遭解讀為「台灣未尋求正式獨立」(Notseekformalindependence)。外交部今天澄清,有關「台灣未尋求正式獨立」字句,是專訪媒體的自行解讀,維持現狀是長久以來台灣人民的共識,也是我國政府一貫的立場。",https://www.chinatimes.com/realtimenews/20220528001652-260407,中時,政治,楊孟立,"[30, 97, 132, 221, 231, 238, 245, 249, 252, 255, 257, 277, 418, 514, 571, 611, 615, 623, 626, 632, 656, 660, 666]",,,,,,
蔣萬安提雙城論壇舉辦條件 黃珊珊:與上海對話管道會續辦,"國民黨台北市長參選人蔣萬安昨天針對台北、上海雙城論壇做出評論,他認為,舉辦的前提是中共不再擾台、對台灣釋出善意、雙方地位對等,才有舉辦的意義。對此,同樣將代表民眾黨出戰台北市長的北市副市長黃珊珊表示,雙城論壇是台北、上海已舉辦10年的活動,對兩個城市來說非常有建設性。黃珊珊指出,雙城論壇保留台北和上海對話的管道,是台北上海已經舉辦10年活動,這活動對兩個城市,非常有建設性,有文化藝術體育交流,中華民國是主權獨立國家,台北市身為首都,有自信跟全世界各城市交流,雙城論壇是當然會繼續舉辦。至於被問到蔣萬安罕見動怒,對於政府在疫情嚴峻下,卻只關心中正紀念堂轉型退場,痛批「政府是吃飽太閒」有何看法?黃珊珊說,中正紀念堂現在已經轉型成台北市的防疫堡壘。黃珊珊強調,中正紀念堂有他的歷史問題,但現在如何對台北市民有好處才是最重要,歷史有他的是否對錯,都有一定的價值,不管喜不喜歡都存在,但要如何讓這個地方可以造福市民,才是最大的貢獻。",https://www.chinatimes.com/realtimenews/20220528001636-260407,中時,政治,游念育,"[134, 244, 324]",,,,,,
蔡政府拋兩措施 港媒:背後恐又是為「這目的」,"台灣昨(27日)新增94808例新冠肺炎本土確診病例與126例死亡病例,雙雙刷新紀錄。蔡政府宣布0-6歲兒童免費領取快篩,並推出振興方案,港媒《中評社》就直言,蔡政府這一系列動作,目的就是要「顧及中小企業、勞工與年輕父母等綠營選舉基本盤」。《中評社》今(28日)指出,蔡政府27日拍板的振興方案同去年,以餐飲業、觀光業、中小企業等振興為主,而同日宣布的「0-6歲以下發5劑免費快篩」,受惠者「幾乎都是民進黨支持者族群,如年輕選民、勞工、中小企業等」。《中評社》分析,民進黨從去年防疫學到經驗,只要補助一下去,不滿的民眾就會忘記疫情過程中各式的不滿跟抱怨。更指出去年民進黨面對公投時採就是這樣的模式,除了振興五倍券,還有各部會加碼的各種券,「讓民眾領券、花用不亦樂乎」。而去年5月疫情嚴重時,民怨因缺口罩與疫苗而強大,但8月開始先一波振興補助、9月、10月民進黨就積極宣講拉抬執政黨的公投立場。在政治對立影響下,12月公投投票時,民眾「就忘了疫情過程如何不滿」,4項公投全部沒有通過,連國民黨覺得最有機會的反萊豬公投,都被執政黨操作成為反美、挺美的公投而沒有通過。而根據現在觀察,《中評社》預測民進黨試圖再走一樣模式,「只要疫情結束之後振興補助出來,民眾可能就又忘了疫情期間多不滿」。像是政府幾乎放著確診民眾「自主應變」,許多確診者根本都是自行找藥吃,嚴重者甚至找不到病房。《中評社》也提到,現在幼童確診引發腦炎的案例一再增加,民眾痛批政府,但只要在選舉時民進黨又操作成為統獨、意識型態投票,其支持者很可能再度歸隊。《中評社》直言,民進黨強調年底選舉就是對防疫的投票,現在開始複製去年的經驗,但與去年公投不同,今年底選舉是選人,民眾一定會比去年更積極出來投票;《中評社》同時也質疑,在孩童疫苗缺少,家長排隊幫小孩搶打疫苗,以及幼童確診數增加,甚至病逝案例也增加時,民進黨在年底選舉採取去年模式應對時,「民眾真的能忘記今年疫情所引起的不滿嗎」?",https://www.chinatimes.com/realtimenews/20220528001552-260407,中時,政治,焦捷,"[120, 225, 481, 657, 665]",,,,,,
346億元振興產業9月才做 國民黨團:民進黨政府天天在想選舉,"行政院預計將再投入345.6億元振興觀光、服務業,但計畫上路時間卻是9月至12月。國民黨立院黨團總召曾銘宗今天表示,要紓困產業當然應該明天就要開始,民進黨政府卻要等選舉到了才紓困,莫名其妙,等9月這些產業都倒光了。國民黨立委林德福也質疑,現在還不到6月,紓困卻要等到9月,民進黨政府著眼點當然就是11月26日地方九合一選舉,這就是政治算計;民進黨國難當前,還天天在想選舉,政治考量掛帥,沒有把老百姓健康擺第一,民眾應看清楚。林德福也點名批評,中央流行疫情指揮中心指揮官陳時中,應救人第一,但現在卻本末倒置,天天在政治算計,最近才要再投入345.6億元振興,防疫做得好需要再撥這筆錢嗎?",https://www.chinatimes.com/realtimenews/20220528001642-260407,中時,政治,周志豪,"[107, 212]",,,,,,
這一幕讓「超前部署」神話破滅 張其祿:蔡政府良心不痛嗎?,"國內輝瑞BNT兒童疫苗全台開打,全台父母大排長龍,只為搶打兒童疫苗,對此,民眾黨立委張其祿直言,這一幕總統蔡英文看見了嗎?蔡英文的「超前部署」神話持續破滅,良心難道不會痛嗎?張其祿直言,國內輝瑞BNT兒童疫苗自5月25日全台開打,首波配送40.3萬劑,5月24日開放預約時名額幾乎被秒殺。這幾天下來,許多父母、長者攜家帶眷、跨縣市到地方診所排隊,甚至發生了爭執,就是為了想要早點讓家中子女、兒孫打到兒童疫苗。這一幕蔡英文看見了嗎?從去年開始缺口罩、缺疫苗,到今年缺快篩、缺兒童疫苗?總統蔡英文的「超前部署」神話持續破滅,良心難道不會痛嗎?近期連續發生確診兒童併發腦炎個案,張其祿指出,其中更有多起兒童因腦炎致死,這都加劇父母憂心,也加劇了兒童疫苗的需求程度。但我必須直言,這些需求量並不是現在才存在,這些風險也不是現在才發生;政府早該在變種病毒擴大疫情前,就應安排好兒童疫苗的施打分配及機制,好讓足量的兒童疫苗迅速分配施打到位,而不是讓家長帶著兒童冒著染疫風險上街排隊。此外,張其祿認為,政府也早應安排好照護兒童的配套,讓父母在工作及照顧孩童上能夠不用「兩害取其輕」;而現在更重要的,台灣5歲以下幼兒還無法打疫苗,但現在本土疫情嚴峻,很多住院的都是5歲以下兒童,政府必須加緊腳步評估國內是否通過5歲以下幼童接種疫苗,優先規畫施打對策,更要提前解答家長之疑慮。最後,張其祿呼籲,考量疫情正步入高峰期,單日病歿人數更已突破100例,在校園防疫上,為降低學生,尤其是國小以下的染疫風險,也為解決各地方停止實體上課時間不一之亂象,請教育部應該拿出擔當,審慎思考全面暫停實體到校或提早放暑假,更要提早進行補救教學之規劃;同時,各部會也要協調完善職場父母的協助方案及配套。每個孩子都是家庭的寶貝,更是國家的未來,政府對兒童、校園防疫工作絕對不可再敷衍、馬虎。",https://www.chinatimes.com/realtimenews/20220528001602-260407,中時,政治,陳弘美,"[87, 269, 435, 579]",,,,,,
「他」帶槍投靠民眾黨!3連霸大咖不忍了 怒揭國民黨內幕,"國民黨徵召行政院前院長張善政參選桃園市長,引發藍營紛爭。於今年2月退出國民黨的台灣民眾黨新竹市議員李國璋表示,張確實是非凡人才,但提名過程實在太粗糙,由此可見國民黨整體思維還是舊的,內部狀況呈現「鈍化」,這讓國民黨與社會脫節、失焦;他在民眾黨則覺得更容易呼吸,溝通的速度與誠意都多很多。李國璋擔任過3屆新竹市議員,地方資歷深厚,2月退出國民黨後於4月宣布加入民眾黨,形同「帶槍投靠」。李今日(28)接受香港媒體《中評社》訪問表示,身為民意代表,他感覺國民黨在反映地方民意時,已開始產生「脫節」的狀況,不管是在總預算審查、市政議題上都逐漸失焦,國民黨此情形長期下來,內部不能說是「恐龍化」,但確實堪稱「鈍化」,這點也顯示在他們的反應速度上。李國璋指出,民眾黨是個新生政黨,雖然在政治運作上還不見得成熟,很多地方仍需向國民黨、民進黨學習,但他認為少自己在民眾黨團體中比較容易呼吸,因為能夠「有話就說」,大家溝通的速度與誠意都顯然多很多。針對國民黨的「桃園之亂」,李國璋認為,張善政對藍營而言確實是不可多得的人材,張可謂是「奇兵」,但提名過程實在非常粗糙,可見國民黨思維還是舊的,粗糙的手法讓張必須花更多時間去「破冰」,讓張未來得耗費更多時間與善意化解,這種手法並不可取。",https://www.chinatimes.com/realtimenews/20220528001568-260407,中時,政治,王子瑄,"[143, 319, 416]",,,,,,
林佳龍、陳時中誰是假想敵?蔣萬安這樣說,"年底台北市長選戰接近,有意爭取民進黨提名的前交通部長林佳龍,近期將拋出首都願景的12大政策,被視為參選起手式,另名呼聲極高的衛福部長陳時中則尚在防疫位置上走不開,但兩人誰才是藍營的假想敵,國民黨台北市長參選人、立委蔣萬安不願正面回應,僅說疫情當下國人最關心的還是政府能否做好防疫。今日是蔣萬安被黨內提名參選的第三天,他上午受邀參與松山霞海城隍廟快篩劑發送,外界認為此舉是在暗示民眾買嘸篩劑,才來聲援幫忙。不過他強調,松山霞海城隍廟在地方上是信仰中心,也非常關心地方的鄉親,今天發放6000支快篩試劑給民眾,同時也有給台北市警察分局、里辦公室,就是希望大家有充裕物資。蔣萬安說,疫情當下,宗教扮演很重要的力量,除了撫慰人心之外,更重要的用實際行動,提供一般民眾足夠的防疫物資,像快篩試劑現在民眾非常需要,這點松山霞海城隍廟一直以來服務鄉親不遺餘力,一起攜手抗疫。對於林佳龍提出的台北政策,以及林佳龍和陳時中2人誰才是最大假想敵。蔣萬安則避談,僅說疫情當下國人最關心的是政府能不能做好防疫工作,尤其這波疫情造成非常多民眾染疫,但政府沒有做好任何準備,就放任民眾和病毒共存,之前談超前部署根本是謊言,事後補救更是荒腔走板,所以民眾只能自理、自救、自主升為3級警戒,今天這麼多民眾一早就在排快篩,看得出來相關物資是非常不足,希望政府能看到基層民眾需求,即刻提出相關因應對策。媒體追問,蔣批評中央防疫政策沒做好,是否代表陳時中沒資格選台北市長,他則表示,這一切民眾自有公斷,由於現階段許多民眾受到疫情衝擊很嚴重,接下來最重要的是產業的紓困、振興,他要求政府應該要做到快速、直接、好申請的政策,而非不食人間煙火的方案。",https://www.chinatimes.com/realtimenews/20220528001539-260407,中時,政治,黃婉婷,"[140, 283, 380, 583]",,,,,,
郭彥均發文遭出征 蔣萬安聲援:身為家長很心痛焦慮且不安,"藝人郭彥均日前在臉書分享醫護朋友敘述「小孩越來越慘」、「這麼多孩子就這樣走」的貼文,遭網友出征刪文,連行政院長蘇貞昌都疾呼要查辦,身為2寶爸的國民黨立委蔣萬安大傻眼,反問現在民眾內心的話都沒辦法說嗎?民眾對幼兒染疫身亡的案例都很心痛,家長看到這種新聞也都心痛、焦慮且不安,難道決策官員無法理解?蔣萬安上午前往松山霞海城隍廟發送快篩試劑,對於蘇貞昌說0到6歲5劑免費快篩,但2歲小朋友卻不能用,他表示,台灣這次疫情約有12萬孩童染疫,10歲以下重症比例很高,約10萬分之5,超過韓國、新加坡及日本,但政府昨天才宣布讓6歲以下的孩子能取得免費的快篩試劑。他質疑,自己早在4月底公開呼籲政府,要提供免費的快篩劑給孩子使用,透過公衛手段進行相關防疫保護孩子,但昨天才看到政府提出相關補救已遠遠不足,他呼籲政府即刻要做這3件事,首先、趕快提高兒童疫苗施打覆蓋率,第二、確保相關兒童醫療量能,第三、持續免費提供兒童快篩試劑,甚至是唾液快篩試劑。另外,由於疫情重創各行各業,但中央9月才要發紓困金,是否認為是選前大撒幣?蔣則說,他說過一定要快、直接及手續要簡便,很多商圈、夜市及小吃店老闆跟她反應,業績不只砍半甚至只剩下1成,雖然今年疫情沒有升3級警戒,但他們反應比去年狀況更為嚴重,非常需要政府提出相關紓困,幫助各行各業。",https://www.chinatimes.com/realtimenews/20220528001456-260407,中時,政治,黃婉婷,"[147, 275, 416]",,,,,,
李秉穎稱政治攻防影響防疫 孫大千酸:是防疫專家還是護航專家,"民進黨政府防疫政策與表現頻遭質疑,中央流行疫情指揮中心專家小組諮詢委員李秉穎昨卻聲稱,政黨政治攻防,對個人與國家防疫都造成傷害。前立委孫大千今在臉書揶揄,李究竟是防疫專家?還是護航專家?千錯萬錯都是在野黨的錯?孫大千批評,台灣防疫能量不足和政治口水戰一點關係也沒有,罪魁禍首就是指揮中心謊話連篇、怠惰無能、躺平擺爛,只會歌功頌德、轉移焦點、粉飾太平。孫大千表示,李秉穎應向台灣人民說明,為何指揮中心不能夠及早採購及施打BNT兒童疫苗?為什麼BNT兒童疫苗採購數量不足?現在竟異想天開把責任推給政黨政治攻防,有這樣的防疫專家,難怪指揮中心防疫政策會如此荒腔走板。孫大千也質疑,李秉穎為何不敢向台灣人民解釋,既然世界上大部分國家都比台灣更早經歷疫情,為何指揮中心沒辦法從他國慘痛教訓中學得經驗、及早布局,還重蹈覆轍,李身為指揮中心專家小組成員真對得起自己良心?",https://www.chinatimes.com/realtimenews/20220528001437-260407,中時,政治,周志豪,"[105, 175, 280]",,,,,,
促轉會解編拋中正紀念堂轉型 蔣萬安轟:政府吃飽太閒?,"促進轉型正義委員會將於月底退場,卻又喊出中正紀念堂5年轉型方案,還要移除蔣中正銅像,國民黨台北市長參選人、身為蔣家後代的立委蔣萬安罕見動怒,直言本土疫情仍舊嚴峻,昨日個案數突破9萬例、死亡數來到126位,雙雙創歷史新高,難道這是政府應關心、優先處理的事嗎,更用台語飆罵「我們政府是吃飽太閒嗎?」蔣萬安上午前往松山霞海城隍廟發送快篩試劑,對於中正紀念堂轉型議題,他曾提出更名為「台灣建設紀念館」,不過促轉會近期的規畫與他的想法大相徑庭。他強調,中正紀念堂是所有民眾共同的記憶,也是歷史的一部分,絕對不容許個人、政黨或少數官員,任意、片面地決定它的改變,希望能夠在現有基礎下加入其他元素,但現有基礎不容更動。他進一步質疑,更何況現在本土疫情嚴峻,昨天病例超過9萬人,死亡人數到了126位,雙雙創歷史新高,難道這是政府要關心、優先處理的事情嗎,甚至還撂出台語痛批「政府是吃飽太閒嗎?」此外,對於對岸必須釋出善意才能續辦雙城論壇。他則說,雙城論壇是目前台灣跟對岸得以維持交流的平台,地方非常多民眾、團體都非常樂見,台北能與各個城市進行交流與互動,但在共軍擾台的前提之,不利於兩岸之間的交流,這點民眾非常清楚,北市議會之前也有做相關決議,希望能在善意狀況之下能有實質交流。",https://www.chinatimes.com/realtimenews/20220528001428-260407,中時,政治,黃婉婷,"[147, 217, 302, 389]",,,,,,
前市長請益之旅含陳水扁?蔣萬安辦公室回應了,"國民黨台北市長參選人蔣萬安昨拜會前台北市長、前總統馬英九,啟動歷任台北市長請益之旅,外界關注是否也會拜會民進黨前台北市長、前總統陳水扁。蔣辦回應,相關拜會行程尚在安排中,後續有消息會再公布。台北市目前仍然活躍的前市長依任期序,分別為吳伯雄、黃大洲、陳水扁、馬英九、郝龍斌。據了解,蔣萬安在昨天拜會馬英九後,下周起已確定將繼續拜會郝龍斌、吳伯雄與黃大洲請益。此外,現任的前台北市議會議長吳碧珠、陳健治(市議員陳義洲哥哥),也是蔣萬安後續爭取請益的重要對象。蔣萬安辦公室表示,蔣接下來不只是歷任市長,包含市民朋友、里長民代、各領域專家前輩,都會持續拜會請益。",https://www.chinatimes.com/realtimenews/20220528001396-260407,中時,政治,周志豪,"[95, 178, 227]",,,,,,
立委籲紓困振興措施放寬對象 蘇貞昌:錢要花在刀口上,"行政院日前宣布新一波振興措施,規模達345.6億元,振興對象包括餐飲、藝文、交通、觀光等產業,提供展延紓困貸款受理、失業勞工或減班休息補貼,但民進黨立委陳亭妃質疑,這波振興「放生」計程車產業,在野黨更質疑是選前大撒幣。對此,行政院長蘇貞昌表示,今年情況跟過去不同,行政院經過各種分析,要把錢花在刀口上。行政院日前拍板345.6億元的紓困振興方案,其中,觀光振興方案預計要到9月才分階段上路,被質疑是選前大撒幣;此外,陳亭妃認為,這波紓困振興放生計程車跟遊覽車駕駛,呼籲政府紓困振興措施再擴大。對此,蘇貞昌今天表示,對於防疫及相關受衝擊民眾的照顧,都是經過各種分析,一步一步都是要把錢花在刀口上。今年情況跟去年、前年大不同,去年禁止內用,也有禁止相關的聚會活動等措施;今年,現在疫情到這裡,我們已經要呼籲大家正常生活,沒有禁止內用,也沒有禁止活動,只是這段期間有民眾自主健康管理,少到群眾聚集的地方、少到餐廳,以致於餐飲業有受衝擊,但是出口還是暢旺,製造還是非常正常。因此,針對受衝擊的餐飲、觀光以及像遊覽車,政府都給予適度的、加以振興的做法,這些做法可以看到,餐飲業已經有1萬8000千多家來申請,還有名額會繼續照顧;觀光的遊覽車也有7萬多輛次都可以來照顧。同時,從國外疫情發展的經驗,走過了高峰期後,民眾正常生活會有很大的活動的風潮,大家一起來把防疫成功,很快地就會恢復這方面,就像過去看到在經過一段期間以後,餐飲、旅宿又非常好起來,熱切期待。",https://www.chinatimes.com/realtimenews/20220528001390-260407,中時,政治,林縉明,"[151, 246, 433, 529]",,,,,,
北市「新」聲量 綠湧言戰英系新系 藍軍新人靠交棒,"全民調爭出線個人特質待考驗2022年藍綠台北市議員初選出爐,這回國民黨、民進黨除了老將之外,還有不少新人出線,搶攻席次。針對初選民調結果出爐的新人,進行網路聲量比較,前10名的藍綠新人議員參選人,民進黨有6位,分屬於英系、湧言會和新系,檯面上、檯面下各派系互相合作也互相競爭。相較於民進黨,國民黨4位聲量入榜的新人,背後幾乎都來自不同推薦人,似乎也較偏向「傳承、接棒」的子弟兵。台大政治系教授王業立指出,初選的領先者,到了年底選舉結果不一定會一致,因為光靠有派系支撐,不足以贏得最後的當選,尤其部分中間選民「選人不選黨」,所以個人特質相對重要;資深媒體人邱明玉也表示,在市長還沒定案前,話題比較容易聚焦在新人身上,當「母雞」人選出爐之後,在大環境下「小雞」要創造話題,相對之下就會更辛苦。歷經了黨內廝殺後,今天《DailyView網路溫度計》透過《KEYPO大數據關鍵引擎》,一起來看看藍綠新人,誰在初選過程抓下高聲量。No.10「我是萬華人版主、新潮流+」邵維倫熬出頭現任民進黨市議員周威佑不爭取連任,交棒助理邵維倫,承接原有資源,在民進黨第五選區6搶4局面,邵維倫順利擠進前三名。能到這一步,也算熬出頭,擔任過段宜康的幕僚長達15年,新潮流組成「新潮流+」,邵維倫名列其中,過去服務過的案件超過6千件,同時也經營「我是萬華人」社團,透過平台深耕中正、萬華,疫情嚴峻時臉書募集三萬個便當給醫護人員,並組織義勇軍幫助弱勢,獲得到不少正面聲量。No.9景美百年宮廟董事之子高揚凱靠加權向前衝國民黨籍新人高揚凱,自封「戰鬥凱」,父親擔任景美地區的土地公信仰中心的董事長,選在土地公聖誕宣布參選,登記當日還有20位里長陪同,就知地方實力雄厚;除此之外,擔任過文山區民防大隊副大隊長,取得英國碩士學位;黨內初選時,一度槓上對手楊植斗,衝出一波聲量,而他原本初選結果民調排第三,最後因為加權80%衝高,一度引起其他候選人對黨內加權有疑慮。No.8助攻吳思瑤12年陳賢蔚走向幕前「新系」力挺民進黨立委吳思瑤大讚「政治生命中最重要的男人」,正是綽號「真賢慧」的陳賢蔚,立志成為服務最賢慧的市議員。陳賢蔚從2006年到2016年協助吳思瑤連任議員,並且幫忙打敗丁守中,拿下士林北投立委選舉,12年立下不少戰功,陳賢蔚這回以「新潮流+」成員,親自上戰場,為自己的政治前途開路。除了吳思瑤力挺,屏東縣長潘孟安也專程北上助選,就連在屏東縣長黨內初選競爭激烈的周春米、鍾佳濱也接力站台,大咖助選員接連助攻,讓陳賢蔚順利通過初選門檻。No.7何孟樺女僕裝創聲量擠掉許菡芸替英系爭面子擔任過323佔領行政院事件新聞發言人的何孟樺,清大研究所畢業2年後,加入民進黨後,以28歲年紀,成為史上最年輕發言人。這回在港湖區初選,除了力拚前輩之外,還要對抗卓榮泰及羅文嘉組成的「民主活水」力推的許菡芸。為了力抗有「呱吉接班人」,以及高嘉瑜力挺的許菡芸,何孟樺在拚初選期間,還穿上女僕裝以「人民公僕」創造話題。為何要穿上女僕裝呢?主要是因為過去同樣選區,傳出在黨內初選時,高嘉瑜得知同黨較勁的許嘉恬要扮女僕,因此搶先穿上,讓許嘉恬飲恨,這回何孟樺重現「女僕裝」,並找來英系立委羅致政、蔡易餘扮演執事,更憑其過往國安會經歷,請到「永遠的秘書長」,民進黨智庫副董事長邱義仁推薦,最後以加權20%擠進提名。No.6林延鳳18年磨一劍!謝系出身轉戰湧言會初選稱霸3月在現任議員阮昭雄率領「台北好政連線」登記初選,當時林延鳳名列其中,證實黨內隸屬湧言會,不過,林延鳳能在士林北投區勝出,這一路下來走了18年;她不只是立委莊瑞雄北區執行長,擔任過謝長廷幕僚十年之久,2008年也在總統大選替謝長廷助選,接著協助姚文智選市長,也幫過謝維洲、阮昭雄。其中,讓外界印象深刻,就屬2021年9月林延鳳赴士林分局,舉報「條子鴿」發文指控事件,當時林延鳳哽咽替謝維洲出面後,搶占一波版面;這回初選一度被攻擊非在地人,最後林延鳳的民調衝到第一,超越現任議員,替湧言會搶下一席。No.5百面看版壓境!陳聖文戰口譯哥「英系唯一推薦」為了拚民進黨大安文山初選勝出,還要力抗「口譯哥」趙怡翔的高聲量、高知名度,陳聖文曾在採訪通知中,特意寫出自己是「英系唯一推薦」。現年24歲的陳聖文雖然是政治素人,不過身為知名殯葬業的第二代,早在去年就開始積極布局,成立粉專、拍攝影片、設服務處,陸空並進,其中,廣設看版如大軍壓境,數量近200面,不只讓黨內競爭者感覺壓力不小,國民黨現任議員也感受到陳聖文來勢洶洶;此外陳聖文一度被質疑過去與國民黨交好,且赴中求學,引發「由藍轉綠」的疑雲,未來是否會再被炒一波,就看選戰如何走。No.4主播轉政壇柳采葳獲「郝趙」相挺!民調「好罩」TVBS前主播柳采葳不只在老東家備受重視,就連踏進政壇,也倍受禮遇。口條清晰的她不僅擔任國民黨發言人,也代表國民黨征戰中山大同區議員,而且先有台北前市長郝龍斌引路,後有同台的主持人趙少康力挺,形成另類的「郝趙」子弟兵。縱使因為婦女保障名額,確定可以在黨內初選出線,但主播牌、美女牌,加上過去擔任記者時又主跑國民黨新聞,自然有不少黨內人士力挺,最後電話民調支持度過半,加權後破百,力壓其他對手,果然「好罩」。No.3丁系單傳詹為元民調前遭隔獲選區唯一提名詹為元是國民黨松山信義區唯一新人代表,過去曾是立委蔣萬安辦公室助理,2018年丁守中競選台北市長,擔任丁競選辦公室發言人,在丁守中淡出政壇後,也扛下唯一延續「丁系」命脈的重責大任。而在江啟臣尋求競選連任黨主席期間,擔任發言人一職的詹為元,就曾被說過「撞臉」江啟臣,讓不少人印象深刻。今年初選民調期間,因為居家隔離,詹為元乾脆找江啟臣當分身,再加上中廣董事長趙少康,廣播中現「聲」力挺,加乘起來的效果,讓他以7成3支持度打敗其他3位競爭者。No.2趙怡翔挾聲量回台參選加入湧言喊:對派系陌生被外界封為知名度最高的新人口譯哥趙怡翔,去年決定請辭駐美代表處政治組長時返台參選,一度傳出總統蔡英文似乎不太開心。高知名度的同時,恐怕同時也承受不少壓力,而同區的黨內對手陳聖文打出「英系唯一推薦」,對此,趙怡翔回應「因為之前都在處理外交事務,比較不熟悉派系運作,但他跟著總統蔡英文其實有8、9年時間」。返台之後,趙怡翔努力在議題上發聲,近半年時間,聲量最高點,2月時爆出瑞士信貸銀行,被揭露數十年來疑大量經手黑錢,其中一位名單則是親民黨主席宋楚瑜,當時趙怡翔質疑「根據資料,宋楚瑜存入1,367萬瑞士法郎(約新台幣4.15億),但他幾乎是擔任公職或黨職,難以想像是如何透過正當手段累積4億巨款」,一天就累積超過4,700筆討論。除了個人聲量,湧言會的「台北好政連線」也替初選新人衝出一波話題,再加上在地議員阮昭雄交棒,也讓趙怡翔如外界預期中初選順利過關。No.1羅智強交棒楊植斗搶救「剃頭」子弟兵聲量爆國民黨台北市傳統票倉大安文山,是黨內新人必爭之地,這一回5搶2戰況異常激烈,台北市前市議員羅智強,「大力搶救」子弟兵楊植斗,臉書擁有百萬粉絲數的羅智強,4月29日以「楊植斗慘敗」一日連發六篇文章並且開直播,替楊植斗搶下網路聲量,吸引各方好友支持,光是這一天,有關「楊植斗」的聲量衝上5,778筆;4月30日羅智強更找來好朋友游淑慧站台替楊植斗剃光頭衝選情,重演四年前羅智強剃光頭為游淑慧助選的橋段,希望楊植斗能初選過關,楊植斗單日網路聲量4,619筆;初選結果5月1日公布當天,楊植斗民調過關,聲量5,791筆,「搶救植斗大兵」宣告成功,除了證明羅智強空戰威力十足之外,同時也不能忽視楊植斗有部分聲量和討論度,都是借助羅智強帶起,而身為子弟兵的他也笑納勝選果實。【網路溫度計調查結果之圖文,未經授權請勿轉載、改寫】分析說明:本研究資料由《KEYPO大數據關鍵引擎》提供,分析時間範圍為2022年01月01日至2022年5月23日,約半年。系統觀測上萬個網站頻道,包括各大新聞頻道、社群平台、討論區及部落格等,針對討論『台北市國民黨及民進黨未曾就任北市議員參選人』相關文本進行分析,並根據網友就該議題之討論,作為本分析依據。本文所調查之結果,非參考投票、民調、網路問卷等資料,名次僅代表網路討論聲量大小,不代表網友正負評價。",https://www.chinatimes.com/realtimenews/20220528001192-260407,中時,政治,網路溫度計,"[6, 13, 344, 410, 415, 429, 435, 621, 625, 635, 644, 814, 818, 826, 839, 1054, 1058, 1067, 1072, 1078, 1380, 1384, 1407, 1655, 1659, 1681, 1919, 1923, 1928, 1939, 2148, 2152, 2164, 2171, 2390, 2394, 2404, 2415, 2792, 2796, 2804, 2816, 2944, 3147, 3173, 3178, 3235]",,,,,,
敢不敢退出媒體圈? 徐巧芯開嗆對賭周玉蔻:否則我退出政壇,"台北市議員徐巧芯因汽車違停引發一連串爭議,信義分局昨(27)日公布密錄器影片,媒體人周玉蔻卻質疑內容僅約2分鐘並不完整,要求公開全部內容。徐巧芯今日在臉書約周對賭,說「密錄器如果有任何遺漏,我退出政壇;如果沒有,你退出媒體圈」,並於10時30分出面對此事回應。徐巧芯在臉書表示,周玉蔻看完密錄器內容後,認為市警局與她選擇性的公布密錄器片段,要求應公布全部內容,「在這裡直接跟你嗆賭,警察局與我所公布的密錄器如果有任何遺漏,我退出政壇;如果沒有,你退出媒體圈。」此外,徐巧芯指出根據密錄器內容,她從未要求警員不開單,當下及事後也都沒有透過任何管道威脅銷單,要求周玉蔻將發言內容修改,否則將進行提告。徐巧芯因違停引起一連串風波,昨日她親自向警方申請公布密錄器,影片公布後徐巧芯今日上午10時30分出面做相關回應;台北市警局則表示,此案屬單純交通違規事件,但因外界臆測造成社會大眾錯誤認知,為杜絕以訛傳訛、維護執法公信力,才公布影像。",https://www.chinatimes.com/realtimenews/20220528001330-260407,中時,政治,黃朝郁,"[130, 230, 298]",,,,,,
最新網路聲量出爐!藍營空戰新天王竟是「他」 網暴動了,"年底選舉戰況激烈,空戰成各候選人重點。一份最新網路聲量指出,台北市議員新人候選人網路聲量王為「羅智強愛徒」羅辦主任楊植斗,其以45770的聲量勇奪冠軍,第二為駐美代表處前政治組長「口譯哥」趙怡翔、第三為國民黨青年部前副主任詹為元、第四為前主播柳采葳。此消息引熱議,大批網友直呼讚,更為這些藍營新戰力加油打氣。楊植斗昨日(27)在臉書發文表示,根據《網路溫度計》從今年1月1日到5月23日所做分析,此次台北市議員新人候選人的網路聲量,第一名就是他,網路聲量高達45770,讓他開心表示:「謝謝大家的支持。」楊植斗指出,這次國民黨的新人較少,但他和詹為元、柳采葳的網路聲量都有所斬獲,拿下好成績。楊強調,新秀的資源不足,年輕人只能多依賴自媒體來打選戰,從下週開始,他也會加強經營自己的YT頻道,多鍛鍊自己的口條,也歡迎大家一起互動。此文獲得超過1600個讚,網路迴響熱烈。網友紛紛表示:「好讚」、「衝起來」、「藍營的年輕人好棒」、「看到你們就看到了國民黨的希望」、「希望國民黨檯面上的老人趕快下來,換年輕人上去,否則永遠無法重返執政」、「國民黨佔了好幾個,好棒!」「保持下去,祝你們當選」。",https://www.chinatimes.com/realtimenews/20220528001220-260407,中時,政治,王子瑄,"[154, 252, 364]",,,,,,
蘇貞昌出席全國文化會議 指台灣沒有要成為雙語國家,"行政院長蘇貞昌28日出席全國文化會議開幕,本次會議為《文化基本法》通過後首次舉辦的全國文化會議。蘇貞昌強調《國家語言發展法》並不是要讓台灣成為「雙語國家」,最重要的是46種國家語言都能夠生生不息。蘇貞昌強調:「台灣沒有要成為雙語國家,台灣要提升英語的能力是為了外交、外貿,要歡迎外國,國際溝通有這個需要。」但他指出更重要的是國家語言的保存發展,各種國家語言包括原住民語等共46種都要推動。「要活一點,不是只有很制度性的,很一次性的,是真真正正希望能夠多使用,真正讓這個語言能夠生生不息的。」文化部長李永得也指出,文化會議是四年一次制度性的會議,可比奧運一樣重要!此次的主題「文化。生生不息」,其實核心就是創造力,「創造力不管是財經、科技、文化對於國家相當的重要。」分區論壇設定了四個主題:「強化在地文化歷史」、「台灣文化價值之轉譯與應用」、「推動文化跨域與國際合作」及「青年參與及文化平權」。四大主題連結在地的歷史跟未來,以及跨域聽取各界意見,讓文化在台灣的土地、人民、生活當中去演繹、傳承、創造、發展新的文化未來。他也指出,過去談文化比較強調創造面、供給面,這次也強調產業面,創造產業面,也是文化政策重要面向。",https://www.chinatimes.com/realtimenews/20220528001238-260407,中時,政治,李怡芸,"[98, 245, 396]",,,,,,
民眾無奈喊「藥很難拿」 羅智強悲喊:蔡政府可否跑快一點?,"台灣昨(27日)新增94808例新冠肺炎本土確診病例與126例死亡病例,雙雙創下新高,引起民眾恐慌,對此國民黨前台北市議員羅智強今(28日)在臉書以「要拿藥,難於上青天」開頭,指出疫情嚴峻,昨天單日死亡人數更創新高,但民眾拿不到藥,他指出「這是一場人命與時間賽跑的困難考驗」,更呼籲蔡政府「跑快一點」!前疾管署長蘇益仁23日指出,「延遲診斷」、「沒有給藥」、「醫療量能不足」都是造成快速死亡比例的可能原因。他建議快篩陽應立即上路,且針對高風險者,應在篩檢站快篩陽就直接給藥,等於從症狀出現到給藥縮短到1天內。對此羅智強直言,在走「祈福走桃園」的路上,有遇到民眾向他反映之前家人確診,但「拿不到藥」的窘境,該名民眾更無奈的向他表示:「羅先生,你知道沒有藥,只能聽天由命的心情嗎?真的是要人民『自立自強』嗎?」羅智強最後指出,這是「一場『人命與時間賽跑』的困難考驗」,他也向蔡政府喊話:「可以為人民的性命,跑快一點嗎?」。羅智強的貼文發出後也引起了網友熱議,網友們表示「這就是塔綠班誇口的超前部署?」「已經錯過「超前部署」,別再錯過「用心挽救」!」「好悲哀,台灣怎麼會淪落到「沒藥用」的境界?」「政府從頭到尾都在騙!」",https://www.chinatimes.com/realtimenews/20220528001060-260407,中時,政治,焦捷,"[151, 254, 353, 409]",,,,,,
影/郭彥均揭醫護淚訴「很多孩子走了」 蘇貞昌:不實謠言會咎責查辦,"藝人郭彥均日前在臉書分享與醫護朋友的對話,內容提到「看到這(麼)多孩子就這樣走(了)」,引發爭議;郭事後也發文道歉並澄清。行政院長蘇貞昌今(28日)表示,這種不實內容相近類似,都由相關團體明顯操作痕跡,非常不宜,「我們會加以咎責查辦,同時也希望國人同胞大家不要相信假訊息」。今有媒體詢問「藝人郭彥均發文說很多孩子離開,引發網軍攻擊,外界質疑政府有無相關責任?」蘇貞昌回應,這種不實謠言、內容相近類似,都由相近團體有明顯操作痕跡,非常不宜,同時對於辛苦的防疫工作非常的不尊重,並且引起社會恐慌,大可不必,我們會加以咎責查辦,同時也希望國人同胞大家不要相信假訊息,也不要亂傳未經查證的訊息。另外,行政院昨天宣布,0到6歲可以領5劑的免費快篩,但新聞稿提到2歲以下的幼童不能使用,外界質疑為什麼要發不能用的快篩,在野黨更批評,防疫物資不該變成「斤斤計較的施捨」。蘇貞昌表示,快篩劑0到2歲兒童不宜使用,我們在快篩實名制的時候都已經准許他們領取,但領取的家長可以使用,只是不宜用在0到2歲兒童;家長有保護,也等於是保護幼童。蘇貞昌說,希望大家一起做好防疫,同時相關物資也希望讓民眾充分掌握,對於比較有需要、熱區,會配給地方政府更多防疫物資,,要給中低收入戶、長照,甚至0到6歲的幼兒童都可以領取。",https://www.chinatimes.com/realtimenews/20220528001222-260407,中時,政治,莊雅婷,"[137, 293, 378, 458]",,,,,,
影》 網友造謠不給開單 徐巧芯:會提告,"台北市議員徐巧芯違停遭開單風波,因綠營民代質疑員警受壓力還被記申誡,引發爭論,徐昨(27日)向警方申請公布密錄器;後來當時影像也由警局公布。而今(28日)上午10時30分徐巧芯也出面說明違停密錄器事件。她說,「一開始網友的爆料說我不讓員警開單是惡意抹黑,會對爆料者提告」。關於密錄器影片中有一句「沒關係那我們回去再講」引發網友爭論,對此,徐巧芯說,「是一個誤會,我語意表達不精確,我前面詢問現在政策是開單還勸導,我也講出那有人在車上的話是勸導?後來我回想是搞錯拖吊跟紅線停車兩者差異。所以私下講話語意不一定這麼精確,也造成現在外界質疑,我下次在語意表達上要更精確」。徐巧芯說,事後實際行為也證明該話語讓外界產生疑惑跟質疑,「我可以理解,但從頭到尾沒有要用這句話施壓的意思」。台北市警局表示,此案原屬單純交通違規事做,處理過程已由信義分局對外說明,原本認為無公開密錄器必要,但因外界諸多臆測,已偏離事實,造成社會大眾錯誤認知,為杜絕以訛傳訛,維護執法公信力所以公布影像。",https://www.chinatimes.com/realtimenews/20220528001061-260407,中時,政治,莊雅婷,"[136, 283, 337]",,,,,,
陳時中還能選台北市長嗎?吳子嘉曝最新民調吐4字,"台北市長選戰,衛福部長陳時中被視為民進黨的可能人選,根據《美麗島電子報》針對陳時中的防疫政策和表現所作的最新民調,陳時中4月的滿意度為63.9%,5月卻急速下滑至48.9%,不滿意度則從33.0%上升到47.6%;經過交叉分析,陳時中在台北市的滿意度只有36%,不滿意度為58.3%。媒體人吳子嘉表示,陳時中在台北市不滿意度高達58.3%,要選台北市長「不太可能」。吳子嘉27日在《關鍵時刻》節目中表示,根據該民調,陳時中在一個月之中滿意度降了15%,不滿意度也提升了15%。若陳時中要選台北市長,他在台北市的滿意度為36%、不滿意度為58.3%,其中,他的不滿意度達58.3%,還能選台北市長嗎?不太可能。吳子嘉接著表示,這一個月以來出現一個現象,就是新北市和台北市的民調都非常慘。有31.9%的新北人認為陳時中要負責,而雙北則有27%討厭陳時中;29.6%的桃園人也很火大陳時中。所以他認為,陳時中在雙北和桃園全掛掉了,因為討厭陳時中的比例比較高。吳子嘉指出,民進黨在雙北的好感度剩35.4%,反感度則有51.9%;國民黨的好感度則為29.7%,反感度56.6%。國民黨的好感度和民進黨的好感度,在台北市已經在誤差值內。所以整個疫情不只是拖垮陳時中個人,而是將民進黨在台北市整個拖垮,甚至整個雙北也被拖垮。",https://www.chinatimes.com/realtimenews/20220528000785-260407,中時,政治,黃麗蓉,"[183, 304, 426]",,,,,,
蔡英文臉書又被灌爆!發文喊「一起把孩子照顧好」 網氣炸了,"本土疫情持續升溫,孩童死亡率及相關政策成焦點。總統蔡英文昨日(27)在臉書發文表示,5-11歲兒童疫苗近期在各地陸續開放接種,有許多爸媽等不及在學校施打,在診所外排隊甚至跨縣市預約,她強調「疫苗數量絕對足夠,請家長放心」,並喊話「我們一起把孩子照顧好」。此文遭大批網友灌爆,痛批總統與執政黨文章永遠比實績好看。蔡英文昨日在臉書發文指出,最近5-11歲的兒童疫苗,在各地陸續開放接種,許多家長為了讓小孩盡快提升保護力,等不及在學校施打,也有許多爸媽在診所外排隊,甚至跨縣市預約。為了讓大家不要排隊那麼久,指揮中心已協調各縣市衛生局,將原本預留在學校施打的部分疫苗先釋出、分配到各醫療院所,盡快滿足家長們的需求。蔡英文強調,保護孩子是最重要的事情,疫苗數量絕對足夠,請家長放心。行政院也宣布,6月1日起,0至6歲孩童可領5劑免費的快篩試劑,再請大家留意相關發放資訊。蔡喊話:「謝謝家長陪伴孩子一起接種疫苗,政府會努力扮演好家長的隊友,一起把孩子照顧好。」此文湧入近5000則留言,討論非常熱烈。除有部分支持留言外,大批網友回應:「很多小生命因為妳的無能政策而喪生,當然也有很多老人家也因為政府的傲慢、無能,不清不楚的提早結束生命」、「EE姐的專長就是說的很好聽,文章很好看,但看的到吃不到,實際上對人民一點幫助都沒有,有說和沒說一樣,沒做說的跟有做一樣」、「孩子都還沒有準備好,一直不斷開放,政策寬鬆到不可思議的地步,萬一孩子感染有問題政府要負責嗎?能還給我健康的孩子嗎?」",https://www.chinatimes.com/realtimenews/20220528000965-260407,中時,政治,王子瑄,"[155, 304, 425]",,,,,,
羅智強女兒長相曝光!父女對話惹哭3萬網友 這件事最驚人,"國民黨台北市前議員羅智強近日在臉書公布與女兒的合照,讓兩位愛女的長相曝光,引發關注。羅回憶,有一陣子媒體名嘴對他惡意造謠,讓他心煩意亂,女兒卻堅持陪在身邊,他說「爸爸現在心情不好,妳先去睡,不然我怕我會對妳生氣」,不料女兒竟回「我就是知道爸爸心情不好,所以才想陪你,讓你解解悶啊!」讓他瞬間鼻頭一酸。此對話引熱議,約3萬網友按讚,有人更直呼,女兒的早熟令人吃驚。羅智強昨日(27)在臉書發文指出,2015年1月他遭媒體名嘴鋪天蓋地惡意造謠,心煩意亂,某天大女兒對他說「爸爸,我幫你照相」,他回「爸爸在寫稿子,先別吵爸爸」,大女兒對她扮鬼臉回「那你讓我陪你聊天啊」,他則快控制不住情緒表示「爸爸現在心情不好,妳先去睡,不然我怕我會對妳生氣」。沒想到,年僅12歲的大女兒竟反過來安慰他:「我就是知道爸爸心情不好,所以才想陪你,讓你解解悶啊!」此話一出,讓羅智強深感貼心,也不禁鼻頭一酸,心情頓時寬慰許多,放下了手上的稿子,帶兩個女兒去河邊散步,心中只有一個念頭:「為了妻女,我不能被擊倒!」此文獲得約3萬個讚、超過700則留言,迴響非常熱烈。網友紛紛表示:「才12歲就能懂父親的遭遇,早熟到令人吃驚也心疼」、「為什麼看強家的甜言蜜語,我眼眶會濕濕的?」「強哥早安,女兒永遠是爸爸的情人,貼心入微,帶來歡笑」、「智強,前世情人可愛又漂亮」、「好貼心的女兒,好棒的孩子」、「家人永遠是自己的堅強後盾,走過風雨的人才懂」、「女兒長的好漂亮喔!」",https://www.chinatimes.com/realtimenews/20220528000905-260407,中時,政治,王子瑄,"[181, 320, 443]",,,,,,
高金素梅發出「緊急號令」 自曝收到高雄一包裹:我哭了,"面對本土疫情持續延燒,無黨籍立委高金素梅日前在臉書向社會緊急呼籲,原鄉需要快篩劑與N95口罩,期待大家的捐助。結果這幾天持續有眾多民眾的愛心持續湧入,高金素梅昨在臉書發布一段影片,她談到,日前收到一包來自高雄的包裹,裡面除了有快篩試劑還有一張紙條,看完內容後「我哭了」。高金素梅透露,臉書PO文曝光之後,馬上很多人捐快篩試劑到辦公室,前幾天自己很感動、很感動,也就是收到一包來自高雄的包裹,裡面有一張紙條,對方寫下「高委員我用自己的健保卡去排隊,買到這一盒快篩試劑,雖然我一個人的力量很小,但我要捐給你的族人」。該位民眾的舉動讓高金素梅感動地說,「當我看到這封信的時候,我哭了,所以大家不要以為說捐給原住民部落的這些,都是大企業或基金會,沒有,他是個人小小的力量,還有很多人不具名,還有人買了快篩試劑就放在立法院辦公室的一樓,人就走了,我們很感謝社會大眾」。",https://www.chinatimes.com/realtimenews/20220528000901-260407,中時,政治,莊雅婷,"[135, 256]",,,,,,
李四川臉書吐「委屈」 高雄大咖不忍了!對朱立倫大喊一句,"年底高雄市長選戰,國民黨至今人選未定。高雄市前副市長李四川昨日(27)在臉書發文稱「嚥下的是委屈,餵大的是格局,一個人的格局,是被委屈撐大的」,引發關注。高雄巿議會國民黨團總召童燕珍直言「希望朱主席也能看看臉書內容」,呼籲黨主席朱立倫能看完李臉書文章後,再去與李深談,因為李出征是「小雞們的隱隱盼望」。李四川昨日在臉書發文指出,「嚥下的是委屈,餵大的是格局,一個人的格局,是被委屈撐大的」,並稱離開高雄將屆兩年,回想當初很多朋友對自己說「委屈了」,「我說沒有委屈,是高雄放過了我,我認輸也是自己放過自己」。他更談到,人生旅程有時爭的是理,輸的是情,傷的是自己。黑是黑,白是白,就讓時間去證明。對此,童燕珍昨日接受香港媒體《中評社》訪問表示,她多次北上請李四川出征,都被李以身體健康、企業工作等問題拒絕,言談中隱約感受李的一些無奈。她認為,朱立倫過去也曾與李談過,可能被拒絕後沒進一步努力促成才會造成目前狀況。童燕珍更強調,也許朱立倫心中有自己的人選,但不管那個人選是誰,李四川就是高雄市議會黨團心中的首選。童也直接對朱喊話「希望朱主席也能看看臉書內容」,盼朱在看完李臉書後再進一步與之深談,因為請李來高雄選市長「這是小雞們的隱隱盼望」。",https://www.chinatimes.com/realtimenews/20220528000874-260407,中時,政治,王子瑄,"[151, 296, 404]",,,,,,
李四川「委屈說」 釣出羅智強現身留言20字,"離開高雄市近兩年的前副市長李四川,被視為國民黨高雄巿長熱門人選,雖他先前已表態無意願參選,但他昨(27日)臉書一席「委屈說」PO文,成熱議話題。不少藍營政治人物也都現身留言,其中,前台北市議員羅智強就留言寫下20字,引發網友熱烈迴響。李四川在臉書談到,嚥下的是委屈,餵大的是格局,一個人的格局是被委屈撐大的,離開高雄將屆兩年,回想當初很多朋友對自己說「委屈了」,「我說沒有委屈,是高雄放過了我,我認輸也是自己放過自己」。他更談到,人生旅程有時爭的是理,輸的是情,傷的是自己。黑是黑,白是白,就讓時間去證明。該貼文引發關注,其中羅智強就說「一個人的格局,是被委屈餵大的,喜歡川伯這句話」。不少網友也對此留言回應「川伯有智慧,我是高雄人,最能體會」、「有委屈才能成長茁壯」、「我覺得強哥的格局越來越大了」。另外,高雄市議員邱于軒留言表示「一切都過去了!感謝大家的付出,祝心想事成,佳節愉快!」陳美雅亦留言「人抬人,抬出偉大,川伯心胸寬大,智者」。",https://www.chinatimes.com/realtimenews/20220528000862-260407,中時,政治,莊雅婷,"[117, 253]",,,,,,
超越TIFA 美台數周內展開協商,"台灣在半導體領域具有重要戰略地位,但美國總統拜登23日在東京正式宣布啟動「印太經濟架構」(IPEF),台灣雖然參與意願甚高卻未獲邀加入,難免失望。不過,如今據美媒報導,美台可望「在數周內」啟動磋商,以深化雙邊經貿關係,而也將令中美關係面臨新的考驗。美國「有線電視新聞網」(CNN)27日引述兩名台灣資深政府官員透露,新磋商將「探討深化美台貿易及投資關係的具體方式」,而在「協調和諮商完成後」亦會做出正式宣布。另外,台灣也可能派代表團出席6月在美國馬里蘭州舉行的「選擇美國」(SelectUSA)投資高峰會。美國財經媒體稍早引述知情人士指出,美台磋商將聚焦強化經濟合作和供應鏈韌性,致力提升雙邊經濟關係,將超越台美「貿易暨投資架構協定」(TIFA)下現有的協商,但範圍未達傳統的自由貿易協定。台灣原先一直期盼借助TIFA談判,與美國簽訂「雙邊貿易協定」(BTA)。未來美台協議很可能涵蓋貿易便利化、供應鏈及農產品貿易等領域。上述元素類似於拜登23日公布的「印太經濟架構」(IPEF)。知情人士透露,雖然美國共和、民主兩黨都有議員希望將台灣納入IPEF,但由於部分同意參與IPEF的國家擔憂北京報復,台灣因此無緣加入。白宮國安顧問蘇利文22日曾稱,美方正尋求在高科技與晶片供應上,深化美台的經濟夥伴關係,但首先會「以雙邊關係形式」追求這一目標。駐美代表蕭美琴23日於華府雙橡園接受媒體採訪時說表示,在IPEF持續演進的過程中台灣會與美方持續溝通,「尋求台灣最適合參與的方式。」至於美台雙邊經貿關係的安排,蕭美琴說,行政院政務委員鄧振中20日在泰國與美國貿易代表戴琪會晤時已取得一定共識,雙方未來會有更具體的努力及作為,對如何深化彼此貿易關係也已指派各自團隊準備密集協商及談判,她認為這是一個「積極訊號」,台灣也會做後續應有準備,以便與美促成接下來的談判與對話。",https://www.chinatimes.com/newspapers/20220528000356-260118,中時,中國時報,王嘉源,"[124, 243, 253, 411, 507, 636]",,,,,,
澳洲管很大 駐索前大使:我代訓索警遭制止,"中國大陸國務委員兼外長王毅正在出訪南太平洋島國,據外媒披露,王毅這次出訪將尋求與10個太平洋島國達成一項涵蓋警務、安全和資料通訊合作的區域性協議,這也引起美、澳高度警戒。不過從南太平洋島國的角度而言,引入中國勢力,除了基於中國能提供的援助之外,更像是為了制衡美、澳干政。澳洲自詡為南太平洋區域霸主,在近年中國勢力進入前,對於南太島國時常頤指氣使。我國駐索羅門前大使鄧備殷表示,以他當時擔任大使時的感受,當地人並不喜歡澳洲,南太平洋島國對澳洲的印象並不太好。鄧備殷說,澳洲就像是南太區域的老大一樣,對島國事務這也要管那也要管,所以他們不覺得有被澳洲「尊重」,引入中國也算是為了要平衡澳洲。鄧備殷1998年至2003年擔任駐索羅門大使,在其回憶錄中指出,索羅門群島總理蘇嘉瓦瑞昔遭國會以不信任投票罷免,私底下就有澳洲跟美國聯手的影子。澳洲2006年指控蘇嘉瓦瑞任命的司法部長莫地涉及兒童性剝削,並要求引渡至澳洲,不過遭蘇嘉瓦瑞拒絕。澳派駐索羅門群島的維和人員為了抓人,甚至突襲蘇嘉瓦瑞辦公室並「破門而入」,相當不給這位總理面子。蘇嘉瓦瑞決定與我國斷交前曾受訪表示,中國可與澳洲抗衡,是索羅門更好的外交夥伴。他舉例說明,2006年曾派40名警察到台灣受訓,當時澳洲的外交部長唐納卻要求台灣停止相關訓練,並強調索國是澳洲的地盤。《金融時報》引述夏威夷大學副教授、索羅門群島人塔西修斯·卡布托拉卡的話指出,澳洲和美國傾向於透過自身利益的稜鏡來看待世界,認為對自己有利的事情,對太平洋島國一定也有好處,無視島國的真實需求。報導分析,2018年《波伊宣言》中,澳洲與太平洋島國都認為氣候變化對太平洋地區是單一最大威脅。許多太平洋島國面臨海平線上升的「亡國感」,澳洲不痛不癢的碳減排目標卻削弱其可信度,讓許多島國深感失望。",https://www.chinatimes.com/newspapers/20220528000359-260118,中時,中國時報,楊孟立,"[135, 228, 293, 365, 462, 560, 655]",,,,,,
蘇揆視察新北被嗆 父母在哭泣看到了嗎,"行政院長蘇貞昌27日終於到疫情重災區新北市視察,對新北市長侯友宜連日炮轟中央他未正面回應,但準備離去時,卻被民眾舉牌抗議高喊「新北的孩童染疫死亡!院長你知道嗎?新北的父母在哭泣!院長你看到了嗎?」但蘇在隨扈保護下頭也沒回上車離開。侯友宜昨表示,院長能到第一線看基層是好事。蘇貞昌昨上午10時至板橋區藥局視察社區藥局防疫工作,對媒體詢問對侯友宜日前炮轟中央有何回應,蘇未正面回答,僅說,疫情兩年多來,看到中央、地方政府、人民一起努力抗疫,這次來感謝藥師、藥劑生、藥局2年多來,從口罩到快篩,甚至送藥,勞苦功高。蘇貞昌表示,兩年多大家一起努力已創下好成績,現在要進入正常生活前的最關鍵戰役,希望大家一起繼續努力,走過防疫的最後階段。蘇貞昌一行人在視察20分鐘後步出藥局,民眾黨市議員擬參選人陳士軒突然舉起「新北的孩童染疫死亡!院長您看到了嗎?」手牌大聲質問蘇。陳士軒說,新聞報導這麼多的小朋友染疫死亡,不知道為什麼中央都沒看到?兒童疫苗政策延遲,先全民與病毒共存,才來處理兒童疫苗,蘇院長也是為人的爺爺,「請你將心比心!」陳痛批蘇貞昌現在才來新北視察,大家要的是提出解決方案而不是來作秀,來藥局5分鐘走一圈,能幫助到民眾什麼?不是蘇院長來藥局看一眼,就可以知道新北市防疫和醫療人員的辛苦。侯友宜昨說,院長到第一線看,才能知道真正問題所在,給基層鼓勵是正向積極的好事,希望給第一線工作夥伴加油。另對中央多次抗拒新北建議卻又跟進相關防疫政策,侯說,總指揮官跟第一線指揮官一定同心齊力合作,第一線指揮官會先看到問題,需要總指揮官給予支持與更明確力量,相信每個人都抱持這樣心態、用這樣心情做事,才會縮短人民痛苦。",https://www.chinatimes.com/newspapers/20220528000374-260118,中時,中國時報,王揚傑,"[136, 254, 314, 378, 459, 542, 594]",,,,,,
救命錢拖到9月 藍質疑選舉大撒幣,"立法院院會昨三讀通過同意延長《嚴重特殊傳染性肺炎防治及紓困振興特別條例》施行期限至明年6月30日,在野黨認為很多業者要的是及時的救命錢,應該先紓困再振興。國民黨立委賴士葆也痛批,振興方案緩不濟急,且上路時間是9月至12月,強烈質疑是「選舉到了大撒幣!」另類的政策買票、選舉考量。國民黨昨天召開記者會,痛批政府昨通過的345.6億元振興方案是畫錯重點。出席記者會業者包括士林夜市、烏來溫泉協會及婚紗業公會,業者批評補助小商家「看得到、吃不到」,且疫情仍在延燒,產業需要的是紓困,而非振興。士林夜市自治會理事長蘇文山質疑,士林夜市整體業績掉9成,政府振興方案實體店面給10萬元、攤販給2萬元,但要寫企畫書,很多攤商連智慧型手機都不會用,怎麼寫企畫書?烏來溫泉社區發展協會總幹事何應明也說,烏來約60家溫泉業者目前30家關閉,30間餐飲業近20家關門,政府應先紓困共度難關。民進黨立委陳亭妃昨建議,應將計程車產業納入新一波紓困振興補助。時力立委邱顯智強調,防疫若做得好,就不用花這麼多錢紓困。賴士葆也批評,業者此刻燃眉之急是資金流斷炊,最迫切的是救命錢,但政府卻要拖到9月才推出振興方案,根本不是紓困,而是在為年底選戰布局?對民間業者認為應該先紓困再振興的呼聲,行政院長蘇貞昌昨日受訪,表示「大家不用著急」,政府都會用振興的方法照顧。不過,疫情重災區雙北則不甩中央慢條斯理,不約而同提出紓困措施。台北市宣布9大紓困措施,共投入調度28.5億元,從5月1日至7月31日,實施3個月;新北也推出包括減收權利金及租金打對折、緩繳租金等紓困措施,實施時間台北市同。新北市副祕書長張其強直言,現在是「救急不救窮」,要讓餐飲、零售、旅遊等先度過眼前難關「先活下來,才能談以後要吃什麼補品」。",https://www.chinatimes.com/newspapers/20220528000378-260118,中時,中國時報,葉書宏,"[139, 243, 415, 509, 675]",,,,,,
蔣萬安:堅持中華民國主權、認清分治事實,"國民黨台北市長參選人蔣萬安獲提名後,27日拜會曾擔任8年台北市長的前總統馬英九,請益市政治理經驗。對於選戰中不可避免的兩岸論述,蔣萬安主張,必須回到堅持中華民國主權,認清分治事實;雙城論壇舉辦前提是中共不再擾台,對台灣釋出善意,雙方地位對等才有舉辦的意義。蔣萬安投入選戰首日先去慰勞醫護,與台北市副市長黃珊珊互別苗頭,也駁斥黨國後代說法。隔日隨即展開請益行程,第一站拜會馬英九,談及兩岸、蔣家等敏感議題,給出正面回應,布局選舉、為自己拆彈意味濃厚。蔣萬安先是讚譽馬英九在市長任內的政績,為台北市永續發展、宜居、國際化奠定非常好的基礎。對於民進黨人士酸他是「馬英九2.0」、「小馬英九」,他反擊說:「我就是我,我就是蔣萬安。」蔣萬安也針對兩岸論述表態,他主張堅持中華民國的主權,認清分治的事實,作為與對岸交流溝通的基礎,強調這是目前台灣最大公約數,也是他所堅守的立場。針對台北、上海雙城論壇,蔣萬安認為,舉辦的前提是中共不再擾台、對台灣釋出善意、雙方地位對等,才有舉辦的意義。由於先前蔣萬安提出中正紀念堂改名轉型,引發部分藍營支持者反彈,蔣獲提名後,有聲音要求為「兩蔣」平反。蔣萬安重申,他以身為蔣家後代驕傲,不管是前總統蔣中正的土地改革,到前總統蔣經國推動的十大建設,兩蔣對這片土地的貢獻是大家有目共睹、不容抹滅的。他說,接下來就是往前看,對於台北市政,他會用創新思維、科技手段、永續精神來執行市政願景。",https://www.chinatimes.com/newspapers/20220528000384-260118,中時,中國時報,楊亞璇,"[128, 224, 312, 383, 437, 487]",,,,,,
傳陳時中7月辭職參選 蔡壁如批防疫逃兵,"國民黨日前正式提名立委蔣萬安參選台北市長,民進黨推派衛福部長陳時中參選呼聲高,民眾黨則支持台北市副市長黃珊珊參選,形成「三腳督」局面。外傳陳時中可能7月請辭投入選戰,民眾黨選戰小組召集人蔡壁如昨表示,陳時中在這波防疫做得那麼爛,疫情指揮官跑去選舉,相信台北市民不會支持這樣的防疫逃兵。對於台北市長選舉可能「三腳督」,蔡壁如說,目前選情很難評估,因陳時中在這波疫情做得很爛,如果心裡只想政治及選舉,就算等到7月疫情趨緩宣布參選,指揮官跑去選舉,難道不會被人民唾棄?蔡壁如並提到,近期有專欄認為陳時中會變成2018年的姚文智,被藍白邊緣化,且這波疫情產生快篩之亂、兒童疫苗不足,民怨炸鍋,預估會衝擊陳時中選情。至於將代表民眾黨參選台北市長的黃珊珊,蔡壁如指出,黃珊珊原規畫在這波疫情過後請辭參選,但現在疫情嚴峻,不可能在此時請辭投入選舉,若參照新加坡模式推估,疫情高原期約4周到1個月,疫情趨於穩定大概要到7、8月。北市府人士昨透露,黃珊珊應該會在下次議會開議前離開市府,運用目前防疫指揮的工作維持聲量,又避免在新會期時成為政敵攻擊目標。據北市議會規畫,本會期總質詢時間將在6月14日告個段落,由於今年是選舉年,下個會期將提早開始,黃珊珊請辭日預估會在7月初或7月中旬開議之前。不過對黃珊珊拖到7月中旬以後才請辭參選,起步是否太晚?蔡壁如認為,黃珊珊目前擔任北市府防疫指揮官,可以持續曝光;國民黨北市議員徐弘庭也認為,黃珊珊現在雖然看似在處理市政,但等於在參選;民進黨北市議員張茂楠則揶揄,黃珊珊在市府假防疫之名行選舉之實。",https://www.chinatimes.com/newspapers/20220528000380-260118,中時,中國時報,林縉明,"[142, 231, 303, 406, 537]",,,,,,
陳時中「掛了」換他上場? 林佳龍一動作藏8字玄機,"無任所大使林佳龍昨天提出「首都願景的未來想像-關於首都的12門課」,該份市政白皮書的架構,為林佳龍爭取提名台北市長準備再跨一步。面對身陷抗疫泥淖的衛福部長陳時中,請辭參選台北市長引發防疫逃兵的輿論抨擊,林佳龍昨天的大動作,引來側目。林佳龍說,期盼和關心首都圈的未來、生活在首都圈的市民能共同討論。年底選戰日益逼近,疫情卻持續飆升,民進黨推誰參選台北市長被各方關注。目前衛福部長陳時中、林佳龍都是浮上檯面的人選,前副總統陳建仁也被列入討論。國民黨25日提名立委蔣萬安參選台北市長,當天陳建仁接受媒體訪問,除表示「選舉目前不是我的考量」,並推崇陳時中「是一個很會溝通、協調的人,以這樣的人才,他適合任何行政職位,如果他願意出來的話。」引起外界矚目,昨天林佳龍就在臉書公布「首都願景的未來想像-關於首都的12門課」。由於英系力拱陳時中參選北市,身為正國會掌門人林佳龍,多次表態對參選北市長有意願,頗有與英系對槓感覺。而陳建仁又被視為小英平衡民進黨派系的政治活棋,一度還傳出小英矚意大仁哥做為陳時中一旦身陷防疫泥淖無法請辭參選北市的備胎,也因此,林佳龍此舉,被解讀項莊舞劍,意在沛公。林佳龍5月曾向媒體表示,會持續準備台北市長選舉,對於如何帶動北北桃基在內的整體首都圈發展,他已準備好願景規畫。他昨在臉書說,近幾個月來與學者專家對台北市有非常多的討論,如何在現有基礎上擘畫未來城市,是所有首長的功課。林佳龍說,台北市是龍頭城市,是帶動台灣國家發展的引擎,也是連結台灣與世界的國家門面,如何從A到A+,如何從Taipei到TaipeiPlus。想像台北市的未來,要先跳脫現有的行政區域思維,凌雲北台灣,才能有全新大格局的思考。他強調,作為北北基桃首都圈的核心城市,台北市像是連結大小齒輪的承軸,也是驅動台灣整體前行的關鍵力量。因此,台北城市治理,必須超脫本位主義,導入「跨域治理」與「數位治理」的理念,從首都圈治理的角度出發,引領台灣克服挑戰,帶領台灣邁向世界。林佳龍「首都願景的未來想像-關於首都的12門課」12大願景包括「國土規劃」、「交通路網」、「空間正義」、「數位治理」、「韌性防災」、「流域文化」、「疫後經濟」、「人才創新」、「亮點觀光」、「生養照護」、「文化復興」及「世界共好」。林佳龍說,將這12大願景拋出,歡迎所有居住、工作、就學、戶籍橫跨北北基桃的民眾,歡迎挑選有興趣的主題,一同腦力激盪,參與世界台北的討論。",https://www.chinatimes.com/newspapers/20220528000376-260118,中時,中國時報,曾薏蘋,"[148, 219, 355, 488, 543, 596, 662, 708, 826, 941]",,,,,,
綠營南投縣長提名人蔡培慧 自主管理期與民眾合影 挨轟,"民進黨南投縣長提名人蔡培慧日前確診新冠肺炎,前天才解除隔離,但卻被發現昨天即出席埔里老人會等地方活動,還與民眾近距離合影、互動,照片也上傳個人臉書,遭控違自主健康管理規定。立法院國民黨團總召曾銘宗批評,蔡曾是行政團隊的一員,又是民進黨提名縣長人選,卻違反防疫規定,行為不道德。蔡培慧昨晚回應,她會遵守自主健康管理規範,而她前兩天快篩,也都呈現陰性。此事經本報獨家披露,蔡雖撤下昨天參與埔里老人會的臉書發文,但已遭截圖瘋傳。蔡培慧17日確診新冠肺炎,依中央流行疫情指揮中心規定,須前7天居家隔離、後7天自主健康管理,目前仍屬自主健康管理期間。但民眾投訴,蔡昨天卻出席埔里老人會等地方活動,並與民眾近距離合影,還大方把合照上傳臉書宣傳。據衛福部公告的「自主健康管理對象應遵守事項」規定,自主健康管理期間,「禁止與他人從事近距離或群聚型活動,如聚餐、聚會、公眾聚會或其他類似活動」。諷刺的是,蔡培慧前天還在臉書表示,「今天是居隔結束的法定出關日」,「請大家放心,阿慧接下來也會謹遵自主健康管理期間的指引,也會定期快篩,保護自己也保護大家」。曾銘宗表示,蔡培慧曾任行政院中部聯合服務中心執行長,但身為民進黨政府前行政團隊一員,現在又是民進黨提名的南投縣長參選人,行事應遵循民進黨政府所訂防疫指引,並為縣民表率,如今卻帶頭違反防疫規定,還在臉書發文,做出最壞示範。他說,蔡培慧違反自主健康管理規定的行為,有散布疫情疑慮,使一同出席活動的縣民增加染疫風險,這種行為不道德,他予以譴責。",https://www.chinatimes.com/newspapers/20220528000386-260118,中時,中國時報,周志豪,"[138, 211, 316, 388, 467, 577]",,,,,,
促轉會任務結束 施明德批只服務掌權集團,"促轉會昨向行政院長蘇貞昌遞交任務總結報告,列出任務成果及未來推動建議事項,蘇揆宣示會為當年國家錯誤盡全力彌補矯正還原,努力避免重蹈覆轍。不過,民進黨前主席施明德痛批,促轉會4年來只知政治正確,為掌權集團服務,忠心不二,動機不正,人選不對,是促轉會失敗的主因。促轉會將於5月30日解散,代理主委葉虹靈昨向行政院遞交任務總結報告,內容達177萬字,包括開放政治檔案、清除威權象徵、保存不義遺址、平復司法不法、還原歷史真相,並促進社會和解、不當黨產處理及運用等成果,及後續推動建議。針對外界關注的中正紀念堂轉型計劃,促轉會建議6年內,包含啟動具威權象徵處置意義的轉型前導計畫、變更都市計畫、移除大廳蔣介石銅像、改造堂體功能及外觀、破除園區整體崇拜軸線,使整個園區成為「反省威權歷史公園」;同時裁撤中正紀念管理處、協調國防部停止三軍儀隊於銅像大廳的勤務等5大項目。蘇貞昌說,促轉會任務結束但不是結束,是新階段的開始,行政院成立「人權及轉型正義處」,並設立「推動轉型正義會報」,繼續完成促轉會未盡事項。促轉會針對美麗島軍法大審調查後,日前以「平復司法不公」對施明德與林義雄「平反」,遭施痛斥「邪惡作法」,促轉會回應尊重。施明德昨再批評促轉會為了表現自己的作用,不盡本分釐清歷史真相,反利用假「平反」官僚地做業績了事,「我真為這個時代心寒,不恥」,並強調「替我平反的人,是我自己,縱然我付出了高昂的代價」。施明德痛批,促轉會四年來的作為,完全曝露主事者欠缺大方向、大格局、大氣度,只知政治正確,為掌權集團服務,忠心不二,這種心態,自然不可能做好該機構的使命,動機不正,人選不對,是促轉會失敗的主因。",https://www.chinatimes.com/newspapers/20220528000382-260118,中時,中國時報,林縉明,"[129, 238, 378, 446, 597]",,,,,,
2022誰來做老大》高雄市長 李四川委屈說 高巿藍喊選巿長,"國民黨高雄巿長熱門人選李四川27日臉書一席「委屈說」PO文引發議論,有一說認為,李可能「被退選」才有感而發,議會黨團總召童燕珍也聲援,川伯仍是黨內最佳巿長人選;民眾黨則繼續拋出「在野大聯盟」,希望能整合。李四川昨PO文說,離開高雄將屆2年,當初很多朋友對他說「委屈了」,他說沒有委屈,「是高雄放過了我,我認輸也是自己放過自己」。人生旅程有時爭的是理,輸的是情,傷的是自己。黑是黑,白是白,就讓時間去證明。文末李四川提到,最近幾位好友也感覺相當委屈,其實「人抬人抬出偉大,僧抬僧抬出高僧」。國民黨「桃園事件」主角之一的羅智強在底下留言:「一個人的格局,是被委屈撐大的,喜歡川伯這句話」,引發各種解讀。地方人士分析,川伯的「委屈說」,外界看來反映了國民黨在「桃園事件」中,黨主席朱立倫強勢欽點人選、未尊重地方,但其實近日也傳出朱屬意徵召智庫執行長柯志恩選高雄,讓等不到主席「關愛眼神」的李四川有感而發。對於藍營點兵點將,從李四川、陳玉珍、張亞中、陳麗娜、曹桓榮等,遲遲舉棋不定,童燕珍27日說,其實高雄在地聲音還是希望李四川能代表國民黨參選巿長,但主席朱立倫如果心中真已有適當人選,也盼能早點到高雄來。相較藍營窘境,民進黨現任巿長陳其邁可說是「躺著選」。先前喊出「在野大聯盟」的民眾黨,本來構想藍、白、無各推1人PK民調後決定共主,但礙於國民黨不可能改推無黨籍,也陷入難產,外界看來在野大聯盟似乎已破局。民眾黨高巿黨部主委馮啟彥透露,黨內曾討論高雄巿長人選,如以各項條件及聲量來說,台北巿長柯文哲是最強戰將,但是柯若真的南下參選一定會被攻擊成落跑巿長、棄台北巿民於不顧,未戰就先受創,要柯參選確實不可能。但他認為,在野如不能整合,權力結構將往民進黨更傾斜,因此民眾黨在高雄要不要自推巿長人選?或要支持誰?仍傾向先看國民黨的人選是誰。換言之,現在不希望把話都講死,仍不放棄整合。",https://www.chinatimes.com/newspapers/20220528000421-260118,中時,中國時報,曹明正,"[102, 202, 299, 399, 499, 600, 700]",,,,,,
柯P一家不平靜 兒急診母送加護,"一家不平靜?台北市長柯文哲22日確診,原本住在確診的朋友家中,但因一家五口有3人染疫而返家居家隔離,未料柯的大兒子感染發燒到甚至失去意識無法正常行走;另外,高齡84歲的柯媽何瑞英也在新竹老家跌倒撞傷,柯文哲說,柯媽送去加護病房2天,摔了變成貓熊,瘀血很多。柯日前透露兒子因發燒送急診,卻遭網友質疑是特權,北市府發言人陳智菡出面轉述說明,柯的大兒子當天發燒狀況嚴重,甚至失去意識無法正常行走,才打119請求協助送醫。對此柯文哲說,孩子有隱私,不用因為他爸爸當市長就公開。對於兒子的狀況,柯文哲說:「天下父母心,陳佩琪自己是醫生,發生當下她打給我,結果連話都講不清楚。」柯表示,他也覺得很奇怪,為什麼發燒會昏倒,但觀察以後還算穩定,謝謝大家關心。另外,媒體問到確診期間從朋友家居隔,又能返回家裡居家照護,被網友質疑是特權,是不是會覺得很麻煩?柯文哲說,台灣社會就是這樣,有時候是應付社會標準比較不方便,人家社會有嚴格標準,就用比較嚴格標準做事。禍不單行的是,柯媽何瑞英驚傳於21日在家中摔倒,疑頭部有撞擊點,造成腦部出血與肩傷、骨裂等情形,經送醫在加護病房醫治觀察4天後,已於25日出院返家休養。據了解,柯媽21日在家中不慎摔倒,不過並未透過消防局救護系統送醫,而是由家屬自行送至台大新竹醫院醫治,由於跌倒時有撞擊到頭部,造成腦出血、骨裂等情形,因而進加護病房觀察與治療,目前已出院,但由於柯媽高齡84歲,不少粉絲都替柯家捏把冷汗。柯文哲說,家家有本難念的經,很多父母80歲了,丟在中南部,沒時間去看,都是獨居老人,身體健康沒問題,跌倒就很頭痛,柯媽送去加護病房2天,摔了變成貓熊,瘀血很多。民眾黨新竹市黨部獲悉後全程關注,但因疫情嚴峻不便探病,立委兼黨部主委高虹安等人也都有送花表示關切。",https://www.chinatimes.com/newspapers/20220528000427-260118,中時,中國時報,游念育,"[128, 234, 321, 420, 496, 614]",,,,,,
2022誰來做老大》桃園市長 為邱奕勝打氣 連勝文:委屈你了,"國民黨副主席連勝文27日拜訪桃園市議會議長邱奕勝,邱說,與連勝文是老朋友,他來加油打氣。與會的市議員李家興也轉述,因桃園市長提名風波,連勝文對邱說「委屈你了」。民眾黨桃園市長參選人、立委賴香伶也表示,將在總質詢結束後,擇日向邱奕勝聯繫請益。邱奕勝說,與連勝文是老朋友,連勝文事先和他約好時間,就到議會來拜訪他。除2人外,市議員涂權吉、蘇家明、李家興也與會,眾人閒聊外,連勝文也祝邱奕勝市議員選舉能勝選。李家興轉述,連勝文坦承他也是中常會前5分鐘才知道要提名前行政院長張善政,直對邱說「委屈你了」;涂權吉則說,連勝文到議會單純是禮貌性拜訪,因為前陣子風波,連勝文想跟邱奕勝打打氣,問邱奕勝會不會覺得委屈。邱奕勝在會談時說,國民黨要團結,贏得勝選才是首要目標,對過去的風風雨雨不想多談。另因前台北市議員羅智強發言人快篩陽性,邱奕勝在會談結束後,也致電關心羅智強的狀況,羅說快篩陰性,但喉嚨有點症狀仍在觀察。邱奕勝表示,原本想約羅碰面、吃飯,不過防疫優先。民眾黨桃園市長參選人、立委賴香伶昨到國軍桃園總醫院送平安粽慰勞醫護人員,被問及是否擔心聲量被淡化?她直言,各黨參選人已陸續出爐,為何有遲遲推不出人選、或提名後引發爭議,恐怕是因為政治算計優於好的人選或政見。她不擔心自己被邊緣化,會持續讓鄉親認識還有第3個政黨候選人。賴香伶表示,近期除將計畫拜會呂玉玲、羅智強,待桃議會總質詢結束,也會擇日與邱奕勝聯繫請益。",https://www.chinatimes.com/newspapers/20220528000423-260118,中時,中國時報,賴佑維,"[120, 201, 341, 425, 558]",,,,,,
2022誰來做老大》台中市議員 中市藍綠皆提名35人 小黨拚出頭,"年底選戰中,國、民兩黨力拚在選舉搖擺區的台中市議會席次過半,藍綠雙方不約而同都提名35人,希望以全壘打為目標,但藍營仍有3個選區喬不攏。小黨部分,民眾黨已提名9人、6月預計再提2席,目標坐5望6;時代力量則提名6人,希望至少有3席上壘。台中市議會共有65席議員,本屆為國民黨32席、民進黨26席、親民黨1席、無黨籍6席。年底選戰民進黨率先完成提名作業,且立法院副院長蔡其昌獲徵召參選市長,戰鬥模式已就定位。國民黨除原住民3個選區外,另預計提名32人,第1階段9個選區、22席已完成作業;第3(大烏龍)現任林汝洲、林孟令仍在思考是否披藍袍,若2人不代表國民黨出征,藍營是否另派人選是一大問題;其餘4個選區,除第10(中西區)僅提名現任張彥彤,包括第4(后豐)、第7(南屯)、第13(大里、霧峰)選區都還喬不攏,預計下周情勢會較明朗。民眾黨除第1、2波共提名7人參選,第3波也確定將提名國民黨議員林碧秀前助理葉諾帆投入第12(太平)選區、醫師魏嘉慶投入第3選區選戰,預計6月還會針對第9(北區)、15(平地原住民)選區各提名1人。民眾黨台中市黨部主委郭達鴻說,年底目標坐5、望6、搶7,包括13選區耕耘多年的江和樹、曾擔任歌手的葉諾帆等人,看好度都頗高,目前希望加強參選人個人特色與在地連結,盼獲選民認同。時力除本屆以9票之差落敗的吳佩芸捲土重來,另提名第11選區(東南區)徐小媚、第8(北屯區)江冠頫、第4傅智恒、第5(潭雅神)鄭勁節及13選區鄒明諺,盼有3席上壘。",https://www.chinatimes.com/newspapers/20220528000425-260118,中時,中國時報,林欣儀,"[118, 203, 365, 463, 551]",,,,,,
頭條揭密》中老年人睡眠與阿茲海默症的關鍵數據:每天7小時,"近幾年來全球對阿茲海默症的研究從病理、基因、生活習慣等各個方面多頭並進,其中睡眠與阿茲海默症的關聯在最近有許多令人鼓舞的研究成果。新的研究證實,在都會生活中極易出現的睡眠紊亂與睡眠障礙,與中老年後罹患阿茲海默症有極密切的關聯。長期熬夜、晝夜節律紊亂、睡眠不足7小時,將使在你步入中老年後罹患阿茲海默症風險大增。由於人類平均壽命不斷提高,中老年失智問題愈來愈受到重視,而阿茲海默症又是造失智現象最主要的病因之一。近年來對阿茲海默症研究擴展到患者日常生活習慣後發現,在出現記憶障礙、失語、認知障礙、視覺空間技能損害、執行功能障礙等症狀之前,病患會出現發病前期的睡眠障礙現象。紐約倫斯勒理工學院教授珍妮弗.赫爾利(JenniferHurley)在其研究論文中表示:「晝夜節律紊亂與阿茲海默症的發展有密切關聯,睡眠障礙可以視為阿茲海默症的早期預警訊號。」目前造成阿茲海默症主流理論之一是腦脊液β-澱粉樣蛋白水平失常,科學家推測,人體健康睡眠和規律的晝夜節律時鐘控制著清除β-澱粉樣蛋白機制,因此認為阿茲海默症與早期晝夜節律紊亂相關聯,睡眠障礙可以推斷為阿茲海默症的預警訊號。研究發現,大腦中β-澱粉樣蛋白的清除是有規律的,這種節律隨著年齡增長會逐漸消失,阿茲茨海默症患者的情況特別嚴重。而在中年以前經常熬夜或是晝夜紊亂情況嚴重者,中年後罹患阿茲海默症風險會明顯增加。睡眠不足(每天少於6小時)者,大腦中產生大量β-澱粉樣蛋白堆積的風險明顯升高。由於現代都會生活中經常有徹夜狂歡或是熬夜工作的問題,生活習慣與居住環境造成的睡眠紊亂也相當普遍,這種情況也經常會延續到中年之後。至於研究中的「中年」標準,最近在《自然─衰老》(NatureAging)雜誌上發表的研究報告中是將它設定為38歲以上,到了這個年紀,就需要好好思考並安排自己的睡眠習慣,如果有困難就必須尋求醫生的協助。這項由英國劍橋大學與中國上海復旦大學合作的研究還指出,過去一般人接收到的訊息是每天應睡足8小時,不過這個標準並非一成不變,隨著年齡增長,睡眠的時長也非一成不變。如果針對睡眠與阿茲海默症關聯分析,每天7小時的睡眠對中老年人的認知能力與腦部健康是最有利的。研究人員以近50萬名從38至73歲參與認知研究者的數據進行分析,發現睡眠不足與睡眠過量,都可能導致認知能力受損和精神健康惡化。而擁有連續7小時睡眠的參與者在認知測驗的處理速度、視覺注意力、記憶力和解決問題的能力上,都有更好的表現。此外,在所有每天睡眠7小時的受測試者中,保持這個習慣時間愈長者,其認知能力表現就更加優異。研究報告表示,缺乏睡眠可能會妨礙大腦清除β-澱粉樣蛋白的過程,如果經常性的睡眠中斷,也會影響這個過程,長期下來會造成認知能力下降。在統計上發現,睡眠不足或過量可能是年齡增長過程中認知能力下降的一個風險因素,目前對睡眠不足對阿茲海默症關聯有比較清楚的推論,但睡眠過量導致認知障礙雖然有長期分析數據支持,兩者之間的關聯卻還沒有找到。甚至也有研究證實,老年人如果白天昏睡時間太長與次數過多,反而可能是罹患阿茲海默症初期症狀。研究人員承認,中老年人睡眠障礙的原因很複雜,從生活習慣到基因構成、大腦結構都有關,但至少目前醫學研究已揭開了睡眠時間與阿茲海默症風險的關聯性。若以較簡單的干預措施來刺激大腦清除β-澱粉樣蛋白的能力,可以多暴露在光線下來改善晝夜紊亂與睡眠障礙,或是直接尋求專業醫生的協助,進行更為複雜的療法來改善睡眠。",https://www.chinatimes.com/realtimenews/20220528000072-260407,中時,政治,盧伯華,"[155, 285, 312, 483, 618, 712, 782, 908, 1050, 1068, 1243, 1277]",,,,,,
最新民調曝光 吳子嘉:他崩盤了 議員選舉這個黨會大敗,"《美麗島電子報》5月民調提前曝光,陳時中全國滿意度從4月的63.9%跌到5月的48.9%,不滿意度從4月的33.0%上升到47.6%。在台北市,陳時中滿意度只有36%,不滿意度竟有58%。美麗島電子報董事長吳子嘉認為,陳時中民調崩盤了,在雙北桃園全掛掉了,甚至會讓民進黨今年底在雙北桃竹苗的議員選舉大敗!吳子嘉今(27)日在《關鍵時刻》提前公布《美麗島電子報》5月份最新民調,陳時中全國滿意度從4月的63.9%跌到5月的48.9%,不滿意度從4月的33.0%上升到47.6%。在台北市,陳時中滿意度只有36%,不滿意度竟有58%。而認為陳時中防疫工作比去年進步的僅有11.7%,2年表現一樣好的僅有13.4%,比去年退步的竟然有64.5%。而民眾認為誰要為防疫負起責任?有24.9%的人認為是陳時中,20.8%的人認為是蔡英文,7%的人認為是蘇貞昌,只有5%的民眾認為是縣市長。民進黨的正向評價為35.4%,負向評價為52.9%。蔡英文的滿意度49.9%,不滿意度44.8%;信任度48.7%,不信任度44.0%,均已經趨於接近。至於蘇貞昌,再度死亡交叉,滿意度43.0%,不滿意度48.5%。美麗島電子報董事長吳子嘉解讀,陳時中民調崩盤了,在雙北桃園全掛掉了,甚至會讓民進黨今年底在雙北桃竹苗的議員選舉大敗!",https://www.chinatimes.com/realtimenews/20220528000033-260407,中時,政治,丁世傑,"[152, 265, 320, 389, 497]",,,,,,
陳時中若參選台北市長 郭正亮曝將出現一個可怕狀況,"由於本土疫情狂燒,前扁辦主任陳淞山直言,總統兼黨主席真的滿意這兩個月來的防疫工作表現嗎?他甚至認為,陳時中已經不再適合參選台北市長。前民進黨立委郭正亮表示,陳時中的幹話嘉言錄一大串,如果他真的參選台北市長,恐怕會被全台灣攻擊。針對陳時中是否參選,郭正亮27日在中天新聞《洪淑芬辣晚報》節目中表示,陳時中不適合參選,如果真的要參選台北市長,他相信不只參選台北市的議員,會來攻擊陳時中的防疫表現,搞不好是全台灣。郭正亮舉例表示,比如國民黨桃園市長參選人張善政,搞不好也會攻擊防疫,民進黨誰去選,桃園誰倒楣,因為這種問題沒辦法回答,大家都記得陳時中的「幹話嘉言錄」,陳時中說過多少幹話,到時民眾黨、國民黨不會去收集這一些幹話?他們若天天貼陳時中的幹話,陳時中受得了嗎?針對陳時中若參選台北市長,郭正亮指出,台北市民對防疫訊息的掌握是最快的、最多的,他們對陳時中的抱怨也是最強的。",https://www.chinatimes.com/realtimenews/20220527005235-260407,中時,政治,黃麗蓉,"[113, 204, 331]",,,,,,
